COMPANY NAME,Report Date,Equity Share Capital,Reserves,Borrowings,Other Liabilities,Total,Net Block,Capital Work in Progress,Investments,Other Assets,Total,Receivables,Inventory,Cash & Bank,No. of Equity Shares,New Bonus Shares,Face value
INDUSIND BANK LTD,2011-03-31 00:00:00,465.97,3576.27,39890.79,1702.81,45635.84,572.05,24.41,13550.81,31488.57,45635.84,,,4024.6,465773835,,10
INDUSIND BANK LTD,2012-03-31 00:00:00,467.7,4263.06,51043.56,1821.75,57596.07,614.1,42.7,14571.95,42367.32,57596.07,,,5539.62,467510001,,10
INDUSIND BANK LTD,2013-03-31 00:00:00,522.87,7096.67,63576.28,2110.69,73306.51,740.61,15.53,19654.17,52896.2,73306.51,,,6848.73,523061906,,10
INDUSIND BANK LTD,2014-03-31 00:00:00,525.64,8506.3,75264.25,2729.74,87025.93,991.26,25.19,21562.95,64446.53,87025.93,,,6769.44,525446484,,10
INDUSIND BANK LTD,2015-03-31 00:00:00,529.45,10101.03,94752.42,6404.47,111787.37,1119.56,38.02,22878.34,87751.45,111787.37,,,10779.14,529450209,,10
INDUSIND BANK LTD,2016-03-31 00:00:00,594.99,17087.22,117996.21,7218.58,142897,1217.85,37.48,34054.31,107587.36,142897,,,10111.87,594986335,,10
INDUSIND BANK LTD,2017-03-31 00:00:00,598.15,20032.77,149025.91,8991.59,178648.42,1306.8,28.44,36702.14,140611.04,178648.42,,,18628.25,598148705,,10
INDUSIND BANK LTD,2018-03-31 00:00:00,600.22,23226.85,189928.25,7870.85,221626.17,1313.31,25.44,50076.72,170210.7,221626.17,,,13215.88,600223187,,10
INDUSIND BANK LTD,2019-03-31 00:00:00,602.69,26072.1,242189.03,8955.6,277819.42,1688.06,21.95,59266.16,216843.25,277819.42,,,14783.4,602686868,,10
INDUSIND BANK LTD,2020-03-31 00:00:00,693.54,33329.66,262793.36,10240.99,307057.55,1742.11,78.01,59979.94,245257.49,307057.55,,,16003.65,693535738,,10
ICICI BANK LTD,2011-03-31 00:00:00,1151.82,54150.38,384944.86,93520.8,533767.86,5489.55,,209652.78,318625.53,533767.86,,,39385.26,1151883975,,10
ICICI BANK LTD,2012-03-31 00:00:00,1152.77,60121.34,443247.09,114765.7,619286.9,5431.98,,239864.09,373990.83,619286.9,,,41156.29,1152826045,,10
ICICI BANK LTD,2013-03-31 00:00:00,1153.64,67604.29,487658.76,118405.02,674821.71,5473.46,,255666.68,413681.57,674821.71,,,49370.86,1153581715,,10
ICICI BANK LTD,2014-03-31 00:00:00,1155.04,75268.23,543054.75,128284.35,747762.37,5506.83,,267609.44,474646.1,747762.37,,,48258.23,1155098858,,10
ICICI BANK LTD,2015-03-31 00:00:00,1159.66,83537.44,597207.25,144174.82,826079.17,5871.21,,274310.81,545897.15,826079.17,,,47637.17,5797244645,,2
ICICI BANK LTD,2016-03-31 00:00:00,1163.17,92940.85,671455.05,153197.13,918756.2,8713.46,,286044.09,623998.65,918756.2,,,65035.97,5814768430,,2
ICICI BANK LTD,2017-03-31 00:00:00,1165.11,103460.63,700874.02,180224.89,985724.65,9337.96,,304373.29,672013.4,985724.65,,,80490.87,5824476135,,2
ICICI BANK LTD,2018-03-31 00:00:00,1285.81,109338.32,815197.94,198458.98,1124281.05,9465.01,,372207.68,742608.36,1124281.05,,,88999.13,6427990776,582984544,2
ICICI BANK LTD,2019-03-31 00:00:00,1289.46,112959.27,891641.06,232904.1,1238793.89,9660.42,,398200.76,830932.71,1238793.89,,,87390.9,6446239653,,2
ICICI BANK LTD,2020-03-31 00:00:00,1294.76,121661.81,1014636.24,239699.42,1377292.23,10408.66,,443472.63,923410.94,1377292.23,,,127852.92,6472765203,,2
HINDUSTAN UNILEVER LTD,2011-03-31 00:00:00,215.95,2519,,7612.87,10347.82,2223.45,289.19,1188.5,6646.68,10347.82,963.29,2875.69,1775.68,2159471968,,1
HINDUSTAN UNILEVER LTD,2012-03-31 00:00:00,216.15,3464.93,,7726.17,11407.25,2262.86,227.64,2322.16,6594.59,11407.25,856.74,2667.37,1996.43,2161512492,,1
HINDUSTAN UNILEVER LTD,2013-03-31 00:00:00,216.25,2648.52,24.74,9202.33,12091.84,2431.43,222.42,2252.34,7185.65,12091.84,996.53,2705.97,1900.71,2162472310,,1
HINDUSTAN UNILEVER LTD,2014-03-31 00:00:00,216.27,3321.02,45.58,10171.02,13753.89,2746.24,372.6,2838.14,7796.91,13753.89,1016.81,2939.83,2516.03,2162696292,,1
HINDUSTAN UNILEVER LTD,2015-03-31 00:00:00,216.35,3811.13,43.04,10359.01,14429.53,2821.01,516.3,3025.08,8067.14,14429.53,1010.28,2848.79,2689.49,2163464851,,1
HINDUSTAN UNILEVER LTD,2016-03-31 00:00:00,216,6357,177,8043,14793,3258,408,2592,8535,14793,1264,2726,3009,2163936971,,1
HINDUSTAN UNILEVER LTD,2017-03-31 00:00:00,216,6528,277,8685,15706,4419,229,3794,7264,15706,1085,2541,1828,2164349639,,1
HINDUSTAN UNILEVER LTD,2018-03-31 00:00:00,216,7065,,10581,17862,4528,461,2873,10000,17862,1310,2513,3485,2164528777,,1
HINDUSTAN UNILEVER LTD,2019-03-31 00:00:00,216,7651,99,10663,18629,4715,406,2716,10792,18629,1816,2574,3757,2164704405,,1
HINDUSTAN UNILEVER LTD,2020-03-31 00:00:00,216,8013,,11924,20153,5479,597,1255,12822,20153,1149,2767,5113,2164704405,,1
HERO MOTOCORP LTD,,,,,,,,,,,,,,,,,
HERO MOTOCORP LTD,,,,,,,,,,,,,,,,,
HERO MOTOCORP LTD,,,,,,,,,,,,,,,,,
HERO MOTOCORP LTD,2014-03-31 00:00:00,39.94,5582.7,284.26,4214.68,10121.58,2247.29,854.74,4105.94,2913.61,10121.58,920.58,669.55,119.83,199687500,,2
HERO MOTOCORP LTD,2015-03-31 00:00:00,39.94,6500.06,100,4014.35,10654.35,2952.28,719.2,3118.5,3864.37,10654.35,1371.82,861.39,215.78,199687500,,2
HERO MOTOCORP LTD,2016-03-31 00:00:00,39.94,8794.17,232.21,3829.49,12895.81,3783.71,653.37,4501.08,3957.65,12895.81,1282.07,761.99,179.09,199690088,,2
HERO MOTOCORP LTD,2017-03-31 00:00:00,39.94,10275.57,260.61,4735.88,15312,4598.85,580.96,6066.37,4065.82,15312,1551.75,708.58,195.39,199696838,,2
HERO MOTOCORP LTD,2018-03-31 00:00:00,39.94,11931.52,227.89,5197.38,17396.73,4960.96,355.48,7669.24,4411.05,17396.73,1426.97,962.68,237.57,199696838,,2
HERO MOTOCORP LTD,2019-03-31 00:00:00,39.95,13080.46,311.5,5072.45,18504.36,4952.36,572.82,6113.83,6865.35,18504.36,2745.11,1249.53,303.9,199726884,,2
HERO MOTOCORP LTD,2020-03-31 00:00:00,39.95,14366.33,453.25,4814.54,19674.07,6472.93,391.33,8358.64,4451.17,19674.07,1511.91,1282.32,435.41,199739368,,2
HINDALCO INDUSTRIES LTD,2011-03-31 00:00:00,191.46,28831.83,29437.15,26409.12,84869.56,32405.32,9251.77,10854.9,32357.57,84869.56,7541.05,13742.01,2539.95,1914951560,,1
HINDALCO INDUSTRIES LTD,2012-03-31 00:00:00,191.48,31178.53,41016.47,29015.76,101402.24,35300.27,22798.1,10551.02,32752.85,101402.24,8017.17,13246.03,3295.99,1915095954,,1
HINDALCO INDUSTRIES LTD,2013-03-31 00:00:00,191.48,34597.45,56951.1,28849.96,120589.99,37928.71,33833.95,12600.97,36226.36,120589.99,8952.28,14331.68,3775.45,1915136700,,1
HINDALCO INDUSTRIES LTD,2014-03-31 00:00:00,206.48,40392.75,64755.76,32626.84,137981.83,61163.48,23059.25,12961.08,40798.02,137981.83,9234.76,16694.26,5021.29,2065141500,,1
HINDALCO INDUSTRIES LTD,2015-03-31 00:00:00,206.52,38122.02,68467.55,34949.82,141745.91,71958.76,14111.27,12346.34,43329.54,141745.91,9186.43,18451.13,5308.99,2065534028,,1
HINDALCO INDUSTRIES LTD,2016-03-31 00:00:00,206.52,40401.69,67551.85,32985.91,141145.97,85648.13,4213.77,12462.59,38821.48,141145.97,7918.4,16787.25,4407.29,2065539406,,1
HINDALCO INDUSTRIES LTD,2017-03-31 00:00:00,222.72,45832.3,63817.45,36271.92,146144.39,84686.8,1813.86,15157.48,44486.25,146144.39,8274.8,18291.36,8261.17,2243807736,,1
HINDALCO INDUSTRIES LTD,2018-03-31 00:00:00,222.89,54624.94,52074.02,40091.97,147013.82,85088.43,2062.94,10781.31,49081.14,147013.82,9959.81,21631.39,8057.76,2245516548,,1
HINDALCO INDUSTRIES LTD,2019-03-31 00:00:00,222,57275,52415,42060,151972,85860,4097,9012,53003,151972,11389,22194,9787,2246083891,,1
HINDALCO INDUSTRIES LTD,2020-03-31 00:00:00,222,58091,68399,41906,168618,89195,7721,9411,62291,168618,9345,22384,21569,2246768936,,1
HDFC LIFE INSURANCE COMPANY LTD,,,,,,,,,,,,,,,,,
HDFC LIFE INSURANCE COMPANY LTD,,,,,,,,,,,,,,,,,
HDFC LIFE INSURANCE COMPANY LTD,2013-03-31 00:00:00,1994.88,-657.7,,40580.76,41917.94,252.33,29.48,40404,1232.13,41917.94,,,464.09,1994880096,,10
HDFC LIFE INSURANCE COMPANY LTD,2014-03-31 00:00:00,1994.88,-66.81,,50346.8,52274.87,279.38,10.13,50527.12,1458.24,52274.87,,,445.04,1994880096,,10
HDFC LIFE INSURANCE COMPANY LTD,2015-03-31 00:00:00,1994.88,546.4,,66767.24,69308.52,346.03,6.44,67023.56,1932.49,69308.52,,,572.5,1994880096,,10
HDFC LIFE INSURANCE COMPANY LTD,2016-03-31 00:00:00,1995.29,1108.2,,73440.89,76544.38,335.2,12.16,74143.68,2053.34,76544.38,,,727.39,1995288138,,10
HDFC LIFE INSURANCE COMPANY LTD,2017-03-31 00:00:00,1998.48,1827.84,,91270.25,95096.57,337.37,16.09,91723.43,3019.68,95096.57,,,797.38,1998475283,,10
HDFC LIFE INSURANCE COMPANY LTD,2018-03-31 00:00:00,2011.74,2692.48,,105778.6,110482.82,336.42,5.28,106589.88,3551.24,110482.82,,,1110.5,2011740043,,10
HDFC LIFE INSURANCE COMPANY LTD,2019-03-31 00:00:00,2017.38,3624.83,,124378.2,130020.41,323.69,10.19,124957.97,4728.56,130020.41,205.5,,1244.45,2017381157,,10
HDFC LIFE INSURANCE COMPANY LTD,2020-03-31 00:00:00,2018.8,4782.23,,125422.82,132223.85,322.3,8.41,126628.94,5264.2,132223.85,226.22,,690.75,2018798400,,10
HDFC BANK LTD,2011-03-31 00:00:00,465.23,25117.91,222937.65,29442.14,277962.93,2200.94,,70276.67,205485.32,277962.93,,,29838.28,465225684,,10
HDFC BANK LTD,2012-03-31 00:00:00,469.34,29741.11,272873.73,37970.83,341055.01,2377.91,,96795.11,241881.99,341055.01,,,21175.16,2346688270,,2
HDFC BANK LTD,2013-03-31 00:00:00,475.88,36166.84,335588.38,35491.89,407722.99,2773.32,,110960.41,293989.26,407722.99,,,27531.16,2379419030,,2
HDFC BANK LTD,2014-03-31 00:00:00,479.81,43686.82,416677.05,42776.29,503619.97,3026.28,,119571.06,381022.63,503619.97,,,39913.43,2399050435,,2
HDFC BANK LTD,2015-03-31 00:00:00,501.3,62652.77,509761.9,34180.55,607096.52,3224.94,,149454.42,454417.16,607096.52,,,36526.42,2506495317,,2
HDFC BANK LTD,2016-03-31 00:00:00,505.64,73798.49,649587.25,38320.95,762212.33,3666.86,,193633.85,564911.62,762212.33,,,39068.88,2528186517,,2
HDFC BANK LTD,2017-03-31 00:00:00,512.51,91281.44,741549.89,59000.32,892344.16,3999.7,,210777.11,677567.35,892344.16,,,49311.12,2562545717,,2
HDFC BANK LTD,2018-03-31 00:00:00,519.02,109080.11,944817.22,48769.82,1103186.17,4008.13,,238460.92,860717.12,1103186.17,,,123061.56,2595090267,,2
HDFC BANK LTD,2019-03-31 00:00:00,544.66,153128,1080235.46,58897.59,1292805.71,4368.63,,289445.87,998991.21,1292805.71,,,81817.64,2723306610,,2
HDFC BANK LTD,2020-03-31 00:00:00,548.33,175810.38,1333041.45,71430.27,1580830.43,4775.65,,389304.95,1186749.83,1580830.43,,,87940.11,5483286460,,1
GRASIM INDUSTRIES LTD,2011-03-31 00:00:00,91.7,14443.9,6782.74,10702.98,32021.32,16850.68,865.77,7933.24,6371.63,32021.32,1410.74,2721.64,284.54,91698778,,10
GRASIM INDUSTRIES LTD,2012-03-31 00:00:00,91.71,16935.01,7037.75,12466.41,36530.88,17549.11,2461.11,7875.8,8644.86,36530.88,1728.75,3071.11,326.6,91709742,,10
GRASIM INDUSTRIES LTD,2013-03-31 00:00:00,91.78,19522.09,9550.19,14959.07,44123.13,20561.41,6084.28,8010.79,9466.65,44123.13,2175.05,3740.76,229.18,91776500,,10
GRASIM INDUSTRIES LTD,2014-03-31 00:00:00,91.83,21478.01,9681.16,16485.11,47736.11,25208.57,4044.85,7610.81,10871.88,47736.11,2509.15,4256.5,396.69,91827000,,10
GRASIM INDUSTRIES LTD,2015-03-31 00:00:00,91.86,22988.71,11930.19,19022.05,54032.81,31828.16,2754.95,7255.29,12194.41,54032.81,2647.37,4788.45,439.71,91852185,,10
GRASIM INDUSTRIES LTD,2016-03-31 00:00:00,93.36,27335.95,12504.83,19642.3,59576.44,34270.78,1788.38,10601.2,12916.08,59576.44,3002.01,4148.75,2307.15,93346106,,10
GRASIM INDUSTRIES LTD,2017-03-31 00:00:00,93.37,31290.71,9213.03,22150.29,62747.4,34786.19,1296.97,14200.38,12463.86,62747.4,3009.56,4231.42,2307.01,466837110,,2
GRASIM INDUSTRIES LTD,2018-03-31 00:00:00,131.48,57227.37,67013.59,83526.22,207898.66,69257.2,2290.02,65995.01,70356.43,207898.66,5202.63,5860.36,1316.1,657399730,,2
GRASIM INDUSTRIES LTD,2019-03-31 00:00:00,131.53,57884.99,84418.31,98692.15,241126.98,87129.19,2765.97,62747.32,88484.5,241126.98,6690.07,7059.13,1908.23,657598363,,2
GRASIM INDUSTRIES LTD,2020-03-31 00:00:00,131.57,56517.76,84650.82,102978.08,244278.23,87567.53,3904.13,66337.17,86469.4,244278.23,5651.5,6805.57,3813.1,657827233,,2
HOUSING DEVELOPMENT FINANCE CORPORATION LTD,2011-03-31 00:00:00,293.37,20896.75,118056.47,36008.77,175255.36,807.56,3.14,41596.98,132847.68,175255.36,397.37,,6818.46,1466886690,,2
HOUSING DEVELOPMENT FINANCE CORPORATION LTD,2012-03-31 00:00:00,295.39,23920.64,142479.2,45640.66,212335.89,841.87,6.57,48638.85,162848.6,212335.89,632.63,,6481.36,1476970010,,2
HOUSING DEVELOPMENT FINANCE CORPORATION LTD,2013-03-31 00:00:00,309.27,31581.29,163662.8,56225.08,251778.44,850.58,32.48,59492.42,191402.96,251778.44,216.02,,7071.67,1546347255,,2
HOUSING DEVELOPMENT FINANCE CORPORATION LTD,2014-03-31 00:00:00,312.1,37262.51,190601.97,68712.25,296888.83,1002.24,21.04,72914.21,222951.34,296888.83,376.79,,8588.11,1560532605,,2
HOUSING DEVELOPMENT FINANCE CORPORATION LTD,2015-03-31 00:00:00,314.94,44756.69,217356.73,87078.27,349506.63,1470.23,8.98,93782.42,254245,349506.63,457.79,,4261.92,1574697700,,2
HOUSING DEVELOPMENT FINANCE CORPORATION LTD,2016-03-31 00:00:00,315.97,50533.61,249417.65,97518.88,397786.11,1568.25,18.71,104720.74,291478.41,397786.11,466.8,,6397.03,1579846340,,2
HOUSING DEVELOPMENT FINANCE CORPORATION LTD,2017-03-31 00:00:00,317.73,59690.48,293794.62,120318.84,474121.67,2266.03,53.68,132855.28,338946.68,474121.67,1482.43,,7496.78,1588672140,,2
HOUSING DEVELOPMENT FINANCE CORPORATION LTD,2018-03-31 00:00:00,335.18,91487.7,336416.45,138320.33,566559.66,2349.48,23.42,172217.55,391969.21,566559.66,245.11,,3128.54,1675879893,,2
HOUSING DEVELOPMENT FINANCE CORPORATION LTD,2019-03-31 00:00:00,344.29,111388.85,386755.1,162321.45,660809.69,2310.32,24.22,210703.81,447771.34,660809.69,611.99,,4536.54,1721437390,,2
HOUSING DEVELOPMENT FINANCE CORPORATION LTD,2020-03-31 00:00:00,346.41,126132.75,425367.54,177935.77,729782.47,5475.97,58.9,243248.09,480999.51,729782.47,336.31,,5501.53,1732051189,,2
HCL TECHNOLOGIES LTD,2011-06-30 00:00:00,137.74,7514.25,2187.3,4061.35,13900.64,5245.78,555.85,737.5,7361.51,13900.64,2611.28,166.35,1612.36,688688524,,2
HCL TECHNOLOGIES LTD,2012-06-30 00:00:00,138.66,9696.43,2179.43,6323.27,18337.79,6453.1,578.47,673.2,10633.02,18337.79,3875.66,226.16,1947.69,693283476,,2
HCL TECHNOLOGIES LTD,2013-06-30 00:00:00,139.37,13019.61,1044.41,8195.93,22399.32,6752.54,493.84,713.04,14439.9,22399.32,4497.15,231.5,3577.11,696869900,,2
HCL TECHNOLOGIES LTD,2014-06-30 00:00:00,140,19402.18,1018.05,9419.46,29979.69,7443.94,530.95,661.69,21343.11,29979.69,5682.84,122.3,8807.3,699976400,,2
HCL TECHNOLOGIES LTD,2015-06-30 00:00:00,281.2,23943.19,647.76,10372.52,35244.67,8275.27,551.52,869.39,25548.49,35244.67,6538.69,157.61,9786.23,1405978400,702848000,2
HCL TECHNOLOGIES LTD,2016-03-31 00:00:00,282.08,27108.64,1090.36,10859.52,39340.6,9716.09,610.9,698.38,28315.23,39340.6,7721.14,264.48,9334.6,1410381314,,2
HCL TECHNOLOGIES LTD,2017-03-31 00:00:00,285,32664,582,12231,45762,15235,448,1306,28773,45762,8301,276,9044,1426783424,,2
HCL TECHNOLOGIES LTD,2018-03-31 00:00:00,278,36108,557,11046,47989,18753,320,2660,26256,47989,9639,172,4018,1392246384,,2
HCL TECHNOLOGIES LTD,2019-03-31 00:00:00,271,41095,4195,12788,58349,22888,235,2305,32921,58349,11706,91,7872,1356278868,,2
HCL TECHNOLOGIES LTD,2020-03-31 00:00:00,543,50724,7986,23566,82819,37490,400,7066,37863,82819,14131,91,4976,2713665096,,2
GAIL (INDIA) LTD,2011-03-31 00:00:00,1268.48,19945.39,6904.1,12034.03,40152,15962.2,10585.37,1236.25,12368.18,40152,1939.53,1058.61,2584.35,1268477400,,10
GAIL (INDIA) LTD,2012-03-31 00:00:00,1268.48,23646.05,11505.63,11478.6,47898.76,19862.81,14704.52,1183.43,12148,47898.76,2269.13,1752.86,1446.22,1268477400,,10
GAIL (INDIA) LTD,2013-03-31 00:00:00,1268.48,27526.18,16472.32,14541.65,59808.63,24303.4,18376.08,1253.52,15875.63,59808.63,2767.23,1919.86,3064.62,1268477400,,10
GAIL (INDIA) LTD,2014-03-31 00:00:00,1268.48,31188.47,18536.94,15871.55,66865.44,25994.57,18489.89,1281.68,21099.3,66865.44,3446.79,2610.56,3211.11,1268477400,,10
GAIL (INDIA) LTD,2015-03-31 00:00:00,1268.48,32754.19,18291.35,17355.36,69669.38,32143.31,13805.93,1272.17,22447.97,69669.38,3209.94,2378.69,1558.25,1268477400,,10
GAIL (INDIA) LTD,2016-03-31 00:00:00,1268.48,35134.93,9051.64,13607.67,59062.72,29946.45,3688.04,9844.4,15583.83,59062.72,2723.46,1643.43,1845.73,1268477400,,10
GAIL (INDIA) LTD,2017-03-31 00:00:00,1691.3,37613.59,6553.35,12432.7,58290.94,28302.48,4126.04,10125.09,15737.33,58290.94,2750.73,1728.01,1420.96,1691300039,,10
GAIL (INDIA) LTD,2018-03-31 00:00:00,2255.07,39423.5,3876.42,15797.69,61352.68,28859.99,5938.39,10451.87,16102.43,61352.68,3429.56,1951.05,2858.54,2255070933,,10
GAIL (INDIA) LTD,2019-03-31 00:00:00,2255.07,43749.03,2223.73,20198.54,68426.37,31474.82,9737.5,10721.5,16492.55,68426.37,4363.39,2521.61,1425.1,2255070933,,10
GAIL (INDIA) LTD,2020-03-31 00:00:00,4510.14,44758.11,6911.51,18754.02,74933.78,37121.1,11666.31,9892.95,16253.42,74933.78,4818.31,3202.61,1250.17,4510141866,,10
EICHER MOTORS LTD,2010-12-31 00:00:00,26.94,1205.2,95.64,1635.54,2963.32,384.38,70.33,458.59,2050.02,2963.32,260.93,326.52,1245.68,26937783,,10
EICHER MOTORS LTD,2011-12-31 00:00:00,26.99,1466.14,43.22,2257.03,3793.38,504.42,352.29,512.62,2424.05,3793.38,344.58,427.96,1191.51,26992583,,10
EICHER MOTORS LTD,2012-12-31 00:00:00,27,1727.89,22.93,2693.66,4471.48,991.8,504.37,638.5,2336.81,4471.48,445.87,488.84,803.5,27000983,,10
EICHER MOTORS LTD,2013-12-31 00:00:00,27.04,2028.38,83.9,3197.27,5336.59,1656.14,463.59,825.46,2391.4,5336.59,512.5,526.8,682.56,27038883,,10
EICHER MOTORS LTD,2014-12-31 00:00:00,27.1,2488.76,58.36,3829.01,6403.23,2309.33,418.8,1077.69,2597.41,6403.23,562.17,645.52,353.32,27104783,,10
EICHER MOTORS LTD,2016-03-31 00:00:00,27.16,3625.93,22.57,1263.35,4939.01,789.59,94.48,3388.24,666.7,4939.01,32.64,308.39,49.17,27161183,,10
EICHER MOTORS LTD,2017-03-31 00:00:00,27.21,5317.86,111.85,1552.16,7009.08,872.78,373.77,4987.13,775.4,7009.08,50.04,335.9,25.06,27210249,,10
EICHER MOTORS LTD,2018-03-31 00:00:00,27.26,7002.81,150.84,2341.32,9522.23,1501.69,333.21,5580.84,2106.49,9522.23,68,394.64,1212,27255549,,10
EICHER MOTORS LTD,2019-03-31 00:00:00,27.28,8891.44,186.76,2281.35,11386.83,1874.58,449.74,4922.52,4139.99,11386.83,84.29,633.38,2965.29,27282570,,10
EICHER MOTORS LTD,2020-03-31 00:00:00,27.3,9953.63,249,2219.79,12449.72,2377.52,312.17,5748.77,4011.26,12449.72,86.76,572.35,2950.59,27304570,,10
DR REDDY'S LABORATORIES LTD,2011-03-31 00:00:00,84.6,3947.3,2370.7,2460.6,8863.2,3385.5,575.2,0.9,4901.6,8863.2,1761.1,1599.2,575.1,169252932,,5
DR REDDY'S LABORATORIES LTD,2012-03-31 00:00:00,84.8,4904.2,3233.9,3082.2,11305.1,3411.7,708.5,207.9,6977,11305.1,2536.8,1943.3,1606.1,169560546,,5
DR REDDY'S LABORATORIES LTD,2013-03-31 00:00:00,84.9,6284.2,3682.2,3328.9,13380.2,4050.6,565.3,197,8567.3,13380.2,3180.4,2170.7,2017.1,169836675,,5
DR REDDY'S LABORATORIES LTD,2014-03-31 00:00:00,85.1,7780.1,4477,3563.3,15905.5,4640.8,638.8,1066.8,9559.1,15905.5,3325.3,2418.8,2300.6,170108870,,5
DR REDDY'S LABORATORIES LTD,2015-03-31 00:00:00,85.2,9767.9,4314.1,4289.9,18457.1,5377,529,2247.8,10303.3,18457.1,4101.2,2569.9,1872.4,170381170,,5
DR REDDY'S LABORATORIES LTD,2016-03-31 00:00:00,85.3,12484.5,3352.1,4408.5,20330.4,6563,772.2,3833.1,9162.1,20330.4,4125,2557.9,492.1,170607853,,5
DR REDDY'S LABORATORIES LTD,2017-03-31 00:00:00,82.9,12179.2,4918.5,4473.9,21654.5,6930.7,3324.5,2109.7,9289.6,21654.5,3798.6,2852.8,386.5,165741913,,5
DR REDDY'S LABORATORIES LTD,2018-03-31 00:00:00,83,12488.6,5071.4,4706.3,22349.3,6968,3470.5,2298.3,9612.5,22349.3,4052.7,2908.9,263.8,165911107,,5
DR REDDY'S LABORATORIES LTD,2019-03-31 00:00:00,83,13994.1,3838.1,4503.1,22418.3,7191,2933.5,2587.1,9706.7,22418.3,3986.9,3357.9,222.8,166066148,,5
DR REDDY'S LABORATORIES LTD,2020-03-31 00:00:00,83.1,15616.3,2210.2,5313.7,23223.3,6850.3,1535.1,2677.8,12160.1,23223.3,5027.8,3506.7,205.3,166172082,,5
COAL INDIA LTD,2011-03-31 00:00:00,6316.36,26997.84,1553.57,50996.83,85864.6,12843.31,2057.16,1063.69,69900.44,85864.6,3418.74,5585.61,45806.44,6316364400,,10
COAL INDIA LTD,2012-03-31 00:00:00,6316.36,34136.66,1527.38,65005.86,106986.26,13440.29,2903.38,1981.4,88661.19,106986.26,5662.84,6071.28,58202.78,6316364400,,10
COAL INDIA LTD,2013-03-31 00:00:00,6316.36,42155.63,1305.3,61205.72,110983.01,13465.76,3495.95,2394.96,91626.34,110983.01,10480.21,6305.03,62236,6316364400,,10
COAL INDIA LTD,2014-03-31 00:00:00,6316.36,36088.1,178.14,62355.84,104938.44,14784.39,4315.81,3774.9,82063.34,104938.44,8241.03,6264.16,52389.53,6316364400,,10
COAL INDIA LTD,2015-03-31 00:00:00,6316.36,34036.71,408.32,70505.3,111266.69,16115.04,5159.37,2813.44,87178.84,111266.69,8521.88,6909.05,47268.89,6316364400,,10
COAL INDIA LTD,2016-03-31 00:00:00,6316.36,28516.8,1198.79,77528.31,113560.26,22082.49,4553.22,2906.07,84018.48,113560.26,11447.61,8301.23,38014.91,6316364400,,10
COAL INDIA LTD,2017-03-31 00:00:00,6207.41,18310.68,3014.47,91054.43,118586.99,23811.37,8585.22,1482.86,84707.54,118586.99,12476.27,9717.04,31149.19,6207409177,,10
COAL INDIA LTD,2018-03-31 00:00:00,6207.41,13971.33,1537.72,103754.21,125470.67,27574.09,10272.7,1703.63,85920.25,125470.67,6257.8,6443.85,31279.98,6207409177,,10
COAL INDIA LTD,2019-03-31 00:00:00,6162.73,20292.41,2209.94,104356.37,133021.45,32618.32,9657.68,3169.8,87575.65,133021.45,5498.55,5583.93,31124.23,6162728327,,10
COAL INDIA LTD,2020-03-31 00:00:00,6162.73,25994.19,6433.77,111430.82,150021.51,36783.61,8328.25,1972.87,102936.78,150021.51,14408.22,6618.94,28446.83,6162728327,,10
DIVI'S LABORATORIES LTD,2011-03-31 00:00:00,26.52,1770.96,23.04,454.25,2274.77,589.93,104.34,525.64,1054.86,2274.77,365.23,571.71,17.67,132595110,,2
DIVI'S LABORATORIES LTD,2012-03-31 00:00:00,26.55,2104.98,55.44,569.68,2756.65,738.41,181.99,477.04,1359.21,2756.65,495.58,678.96,30.94,132734290,,2
DIVI'S LABORATORIES LTD,2013-03-31 00:00:00,26.55,2474.05,33.07,605.1,3138.77,908.72,303.41,407.81,1518.83,3138.77,512,835.69,40.89,132734290,,2
DIVI'S LABORATORIES LTD,2014-03-31 00:00:00,26.55,2936.8,18.42,728.73,3710.5,1221.84,144.48,501.88,1842.3,3710.5,723.7,932.42,40.51,132734290,,2
DIVI'S LABORATORIES LTD,2015-03-31 00:00:00,26.55,3468.81,26.62,883.16,4405.14,1308.89,218.18,733,2145.07,4405.14,741.64,1162.64,65.22,132734290,,2
DIVI'S LABORATORIES LTD,2016-03-31 00:00:00,53.09,4240.21,42.47,562.2,4897.97,1438.77,263.91,802.86,2392.43,4897.97,880.92,1207.83,73.43,265468580,132734290,2
DIVI'S LABORATORIES LTD,2017-03-31 00:00:00,53.09,5304.3,35.74,761.84,6154.97,1559.19,443.57,1630.73,2521.48,6154.97,900.92,1319.91,78.7,265468580,132734290,2
DIVI'S LABORATORIES LTD,2018-03-31 00:00:00,53.09,5871.71,63.11,796.91,6784.82,1996.19,119.76,1889.29,2779.58,6784.82,1014.36,1350.67,112.46,265468580,132734290,2
DIVI'S LABORATORIES LTD,2019-03-31 00:00:00,53.09,6904.06,105.6,973.16,8035.91,2087.77,491.91,1945.6,3510.63,8035.91,1163.37,1772.34,115.26,265468580,,2
DIVI'S LABORATORIES LTD,2020-03-31 00:00:00,53.09,7256.83,38.85,1182.55,8531.32,2781.85,919.69,971.36,3858.42,8531.32,1413.35,1863.86,122.63,265468580,,2
CIPLA LTD,2011-03-31 00:00:00,160.58,6505.55,571.89,1358.63,8596.65,3094.18,285.34,590.77,4626.36,8596.65,1490.82,1906.16,95.97,803924752,,2
CIPLA LTD,2012-03-31 00:00:00,160.58,7478.35,29.17,1681.68,9349.78,3215.49,371.17,1269.11,4494.01,9349.78,1553.58,1850.08,90.46,803924752,,2
CIPLA LTD,2013-03-31 00:00:00,160.58,8858.1,967.07,1672.02,11657.77,3609.97,377.79,2532.44,5137.57,11657.77,1668.84,2387.07,143.01,803924800,,2
CIPLA LTD,2014-03-31 00:00:00,160.58,9889.77,1247.91,2102.1,13400.36,6496.47,441.84,708.57,5753.48,13400.36,1638.89,2895.26,175.76,803924800,,2
CIPLA LTD,2015-03-31 00:00:00,160.59,10628.65,1703.33,3177.85,15670.42,6829.64,580.9,639.78,7620.1,15670.42,1997.72,3780.62,564.26,803963835,,2
CIPLA LTD,2016-03-31 00:00:00,160.68,11355.54,5201.92,4331.35,21049.49,9368.32,2060.87,758.69,8861.61,21049.49,2356.27,3808.05,871.4,804387677,,2
CIPLA LTD,2017-03-31 00:00:00,160.9,12382.76,4112.66,4212.62,20868.94,9491.98,1682.98,973.01,8720.97,20868.94,2563.05,3485.28,624.21,805513469,,2
CIPLA LTD,2018-03-31 00:00:00,161.02,14068.17,4098.05,4345.66,22672.9,9950.17,981.33,1258.84,10482.56,22672.9,3102.45,4044.7,965.61,805119164,,2
CIPLA LTD,2019-03-31 00:00:00,161.14,14851.14,4316.23,4433.4,23761.91,9608.36,676.18,2554.14,10923.23,23761.91,4150.72,3964.83,618.81,805701266,,2
CIPLA LTD,2020-03-31 00:00:00,161.25,15601.75,3089.2,4570.59,23422.79,9682.89,824.53,1471.02,11444.35,23422.79,3891.31,4377.6,1003.91,806235329,,2
BHARTI AIRTEL LTD,2011-03-31 00:00:00,1898.8,46868,58749.2,37741.7,145257.7,124050.9,4823.4,622.4,15761,145257.7,5492.9,213.9,957.5,3797530096,,5
BHARTI AIRTEL LTD,2012-03-31 00:00:00,1898.8,48712.5,69023.2,36265,155899.5,129168.2,4413.9,1835.5,20481.9,155899.5,6373.5,130.8,2030,3797530096,,5
BHARTI AIRTEL LTD,2013-03-31 00:00:00,1898.8,48422.9,66736.3,40911.7,157969.7,125674.4,2991.9,7709.8,21593.6,157969.7,6782.4,110.9,1607.8,3797530096,,5
BHARTI AIRTEL LTD,2014-03-31 00:00:00,1998.7,57757.3,75895.8,45840.4,181492.2,140614.5,,15530.8,25346.9,181492.2,6244.1,142.2,4980.8,3997400100,,5
BHARTI AIRTEL LTD,2015-03-31 00:00:00,1998.7,37778.3,83415.1,58746.9,181939,124278.6,17414.8,10752,29493.6,181939,5207.2,133.9,2083.1,3997400102,,5
BHARTI AIRTEL LTD,2016-03-31 00:00:00,1998.7,64823,100646.5,57003.8,224472,172292.8,5702,11977,34500.2,224472,5503.9,169.2,5098.7,3997400102,,5
BHARTI AIRTEL LTD,2017-03-31 00:00:00,1998.7,65494.3,107287.6,57541.7,232322.3,178235.1,10838.5,14338.7,28910,232322.3,4740.2,48.8,5098.3,3997400102,,5
BHARTI AIRTEL LTD,2018-03-31 00:00:00,1998.7,67599.9,111333.5,68588.9,249521,187200.4,9751.2,16158.6,36410.8,249521,5883,69.3,6670.6,3997400102,,5
BHARTI AIRTEL LTD,2019-03-31 00:00:00,1998.7,69423.5,125428.3,77175.8,274026.3,200831.5,9634.2,15711,47849.6,274026.3,4300.6,88.4,8064,3997400107,,5
BHARTI AIRTEL LTD,2020-03-31 00:00:00,2727.8,74417,148228.1,133718.4,359091.3,229255.5,4282.3,25476.5,100077,359091.3,4605.8,156.9,15892.7,5455557355,,5
BAJAJ FINSERV LTD,2011-03-31 00:00:00,72.34,3652.06,6693.35,43599.4,54017.15,579.98,13.98,43127.47,10295.72,54017.15,177.74,,1569.68,144683510,,5
BAJAJ FINSERV LTD,2012-03-31 00:00:00,72.34,5026.67,10201.43,44153.93,59454.37,817.78,18.01,43505.57,15113.01,59454.37,271.33,,1046.6,144683510,,5
BAJAJ FINSERV LTD,2013-03-31 00:00:00,79.56,7723.53,12990.73,44576.4,65370.22,1207.87,1.79,43250.91,20909.65,65370.22,353.02,,1603.11,159122352,,5
BAJAJ FINSERV LTD,2014-03-31 00:00:00,79.56,9231.59,19506.85,45565.2,74383.2,1262.42,1.38,45314.25,27805.15,74383.2,370.38,,2060.99,159122352,,5
BAJAJ FINSERV LTD,2015-03-31 00:00:00,79.56,10885.08,26312.09,50951.72,88228.45,1260.67,2.76,51366.55,35598.47,88228.45,541.45,,1408.54,159125200,,5
BAJAJ FINSERV LTD,2016-03-31 00:00:00,79.57,13311.54,36062.09,54497.56,103950.76,1273.54,10.76,53697.8,48968.66,103950.76,680.77,,2167.51,159131453,,5
BAJAJ FINSERV LTD,2017-03-31 00:00:00,79.57,15736.5,48282.04,64515.55,128613.66,1645.4,3.54,62658.46,64306.26,128613.66,1253.12,,1498.67,159131780,,5
BAJAJ FINSERV LTD,2018-03-31 00:00:00,79.57,20403.37,65694.72,75336.6,161514.26,1791.85,27.7,69428.48,90266.23,161514.26,1753.28,,1606.44,159135097,,5
BAJAJ FINSERV LTD,2019-03-31 00:00:00,79.57,23660.5,99754.35,84933.76,208428.18,2096.83,65.51,81679.06,124586.78,208428.18,2273.08,,1588.89,159136111,,5
BAJAJ FINSERV LTD,2020-03-31 00:00:00,79.57,31221.68,126606.38,93396.52,251304.15,3215.62,44.69,91821.05,156222.79,251304.15,2657.81,,2525.23,159137290,,5
BRITANNIA INDUSTRIES LTD,2011-03-31 00:00:00,23.89,302.14,617.93,674.84,1618.8,504.89,12.82,388.51,712.58,1618.8,80.96,346.95,76.88,119450815,,2
BRITANNIA INDUSTRIES LTD,2012-03-31 00:00:00,23.89,385.28,604.21,828.67,1842.05,624.39,111.26,248.51,857.89,1842.05,113.01,431.76,61.33,119450815,,2
BRITANNIA INDUSTRIES LTD,2013-03-31 00:00:00,23.91,531.67,380,947.89,1883.47,736.8,147.3,108.2,891.17,1883.47,122.81,374.67,102.93,119525815,,2
BRITANNIA INDUSTRIES LTD,2014-03-31 00:00:00,23.99,774.12,149.76,1159,2106.87,847.59,107.09,197.87,954.32,2106.87,108.7,420.27,109.07,119925800,,2
BRITANNIA INDUSTRIES LTD,2015-03-31 00:00:00,23.99,1221.12,145.07,1403.17,2793.35,844.07,48.37,517.94,1382.97,2793.35,135.81,404.04,226.33,119925800,,2
BRITANNIA INDUSTRIES LTD,2016-03-31 00:00:00,24,2067.68,131.05,1271.18,3493.91,950.24,90.07,788.38,1665.22,3493.91,170.61,440.65,87.65,119975815,,2
BRITANNIA INDUSTRIES LTD,2017-03-31 00:00:00,24,2672.42,124.56,1287.82,4108.8,1159.99,30.07,486.85,2431.89,4108.8,179.16,661.45,120.76,120000815,,2
BRITANNIA INDUSTRIES LTD,2018-03-31 00:00:00,24.01,3382.22,200.7,1580.99,5187.92,1345.6,202.82,1079.28,2560.22,5187.92,304.6,652.79,186.42,120059148,,2
BRITANNIA INDUSTRIES LTD,2019-03-31 00:00:00,24.03,4229.22,156.02,1828.68,6237.95,1688.3,101.24,1476.28,2972.13,6237.95,394.24,781.38,109.82,240318294,,1
BRITANNIA INDUSTRIES LTD,2020-03-31 00:00:00,24.05,4378.78,1537.59,1889.12,7829.54,1878.18,39.55,2893.23,3018.58,7829.54,320.36,740.96,122.85,240468296,,1
BAJAJ FINANCE LTD,,,,,,,,,,,,,,,,,
BAJAJ FINANCE LTD,,,,,,,,,,,,,,,,,
BAJAJ FINANCE LTD,,,,,,,,,,,,,,,,,
BAJAJ FINANCE LTD,,,,,,,,,,,,,,,,,
BAJAJ FINANCE LTD,2015-03-31 00:00:00,50,4749.71,26654.59,1325.47,32779.77,252.45,,326.29,32201.03,32779.77,,,229.83,50147300,,10
BAJAJ FINANCE LTD,2016-03-31 00:00:00,53.55,7271.18,37024.59,2623.75,46973.07,290.27,,1029.1,45653.7,46973.07,,,1330.85,53872190,,10
BAJAJ FINANCE LTD,2017-03-31 00:00:00,109.37,9490.89,49249.54,4880.71,63730.51,366.01,,4069.51,59294.99,63730.51,,,326.09,549890090,269360950,2
BAJAJ FINANCE LTD,2018-03-31 00:00:00,115.03,15732.81,66557.22,2393.21,84798.27,470.26,,3139.43,81188.58,84798.27,585.21,,339.66,577968388,,2
BAJAJ FINANCE LTD,2019-03-31 00:00:00,115.37,19581.65,101587.85,2947.64,124232.51,694.84,,8599.03,114938.64,124232.51,808.7,,348.71,577968388,,2
BAJAJ FINANCE LTD,2020-03-31 00:00:00,119.99,32207.64,129806.38,2257.36,164391.37,1320.99,,17543.9,145526.48,164391.37,952.49,,1382.72,601689069,,2
BHARAT PETROLEUM CORPORATION LTD,2011-03-31 00:00:00,361.54,14989.29,25038.4,26401.65,66790.88,19658.06,8209.32,9088.65,29834.85,66790.88,2730.9,18213.46,796.54,361542124,,10
BHARAT PETROLEUM CORPORATION LTD,2012-03-31 00:00:00,361.54,15518.37,30153.06,31780.62,77813.59,24988.16,4534.23,7890.62,40400.58,77813.59,5201.04,21097.09,1326.33,361542124,,10
BHARAT PETROLEUM CORPORATION LTD,2013-03-31 00:00:00,723.08,16052.46,33156.86,29695.97,79628.37,24721.36,7463.25,7469.81,39973.95,79628.37,4355.06,20035.27,2849.83,723084200,84542100,10
BHARAT PETROLEUM CORPORATION LTD,2014-03-31 00:00:00,723.08,18703.19,33152.27,35881.63,88460.17,27579.95,9371.72,6985.31,44523.19,88460.17,4543.69,23169.47,2311.34,723084200,,10
BHARAT PETROLEUM CORPORATION LTD,2015-03-31 00:00:00,723.08,21825.42,25492.21,38281.38,86322.09,29109.4,15787.34,7711.81,33713.54,86322.09,2901.85,17400.02,3446.26,723084248,,10
BHARAT PETROLEUM CORPORATION LTD,2016-03-31 00:00:00,655.62,27137.65,23387.73,35240.73,86421.73,25358.5,17458.93,9401.05,34203.25,86421.73,2216.89,14643.7,4202.37,723084248,,10
BHARAT PETROLEUM CORPORATION LTD,2017-03-31 00:00:00,1311.25,30032.69,35725.44,42016.88,109086.26,33683.86,16833.87,21327.13,37241.4,109086.26,4803.75,21196.78,1884.54,1446168496,723084248,10
BHARAT PETROLEUM CORPORATION LTD,2018-03-31 00:00:00,1966.88,35108.43,37659.36,45621.39,120356.06,45539.3,9874.74,23724.57,41217.45,120356.06,5209.28,22530.94,1353.86,2169252744,723084248,10
BHARAT PETROLEUM CORPORATION LTD,2019-03-31 00:00:00,1966.88,37254.58,44839.1,52865.55,136926.11,49314.84,13654.49,24906.91,49049.87,136926.11,6906.25,22934.87,662.52,2169252744,,10
BHARAT PETROLEUM CORPORATION LTD,2020-03-31 00:00:00,1966.88,35022.19,65475.54,48395.37,150859.98,60174.57,17756.74,27028.51,45900.16,150859.98,5378.02,22242.6,1164.84,2169252744,,10
BAJAJ AUTO LTD,2011-03-31 00:00:00,289.37,4517.85,347.44,3994.38,9149.04,1855.21,69.86,4210.92,3013.05,9149.04,338.74,576.25,247.54,289367020,144683510,10
BAJAJ AUTO LTD,2012-03-31 00:00:00,289.37,5792.35,150.47,4894.2,11126.39,1920.03,41.65,4472.78,4691.93,11126.39,401.93,703.61,1659.84,289367020,,10
BAJAJ AUTO LTD,2013-03-31 00:00:00,289.37,7775.93,115.58,4461.44,12642.32,2355.41,293.55,6058.92,3934.44,12642.32,734.33,643.96,566.51,289367020,,10
BAJAJ AUTO LTD,2014-03-31 00:00:00,289.37,9877.89,59.19,5081.31,15307.76,2659.62,144.06,8447.77,4056.31,15307.76,796.21,641.21,500.9,289367000,,10
BAJAJ AUTO LTD,2015-03-31 00:00:00,289.37,10805.95,112.35,4757.93,15965.6,2448.03,254.94,8985.25,4277.38,15965.6,716.96,814.15,592.74,289367020,,10
BAJAJ AUTO LTD,2016-03-31 00:00:00,289.37,13730.94,117.86,3102.2,17240.37,2025.67,52.24,11067.23,4095.23,17240.37,717.93,719.07,867.03,289367020,,10
BAJAJ AUTO LTD,2017-03-31 00:00:00,289.37,17567.2,119.9,3661.15,21637.62,2001.79,42.17,15477.04,4116.62,21637.62,953.29,728.38,301.36,289367020,,10
BAJAJ AUTO LTD,2018-03-31 00:00:00,289.37,20135.87,120.77,4594.99,25141,1878.33,56.47,18894.57,4311.63,25141,1491.87,742.58,792.66,289367020,,10
BAJAJ AUTO LTD,2019-03-31 00:00:00,289.37,22944.44,124.52,5476.08,28834.41,1763.94,48.02,20602.85,6419.6,28834.41,2559.69,961.51,933.07,289367020,,10
BAJAJ AUTO LTD,2020-03-31 00:00:00,289.37,21372.71,125.59,4722.35,26510.02,1699.02,60.19,19913.58,4837.23,26510.02,1725.1,1063.5,316.34,289367020,,10
ADANI PORTS & SPECIAL ECONOMIC ZONE LTD,2011-03-31 00:00:00,400.68,3786.38,3592.49,1738.98,9518.53,6391.2,1716.69,66.62,1344.02,9518.53,281.26,42.34,228.32,2003394100,,2
ADANI PORTS & SPECIAL ECONOMIC ZONE LTD,2012-03-31 00:00:00,400.68,4411.79,17564.96,3536.23,25913.66,18427.93,3637.71,69.74,3778.28,25913.66,302.22,69.1,1118.42,2003394100,,2
ADANI PORTS & SPECIAL ECONOMIC ZONE LTD,2013-03-31 00:00:00,400.68,5992.78,11617.2,3024.54,21035.2,11382.46,2951.21,221.59,6479.94,21035.2,720.02,97.95,830.55,2003394100,,2
ADANI PORTS & SPECIAL ECONOMIC ZONE LTD,2014-03-31 00:00:00,414.01,8351.28,12976.1,2935.67,24677.06,13162.98,2024.83,63.42,9425.83,24677.06,923.26,169.44,513.92,2070051600,,2
ADANI PORTS & SPECIAL ECONOMIC ZONE LTD,2015-03-31 00:00:00,414.01,10351.05,17773.37,3543.76,32082.19,20526.89,1275.55,260.22,10019.53,32082.19,1287.77,259.19,633.78,2070051620,,2
ADANI PORTS & SPECIAL ECONOMIC ZONE LTD,2016-03-31 00:00:00,414.19,12925.42,22341.53,2703.71,38384.85,20883.22,1966.76,545.18,14989.69,38384.85,2436.09,211.89,1278.24,2070951761,,2
ADANI PORTS & SPECIAL ECONOMIC ZONE LTD,2017-03-31 00:00:00,414.19,16945.91,22214.26,3795.01,43369.37,21053.5,4513.97,1161.36,16640.54,43369.37,2692.99,657.09,1976.8,2070951761,,2
ADANI PORTS & SPECIAL ECONOMIC ZONE LTD,2018-03-31 00:00:00,414.19,20488.76,22112.47,4217.3,47232.72,22670.01,4545.46,1078.92,18938.33,47232.72,4309.91,520.29,2967.55,2070951761,,2
ADANI PORTS & SPECIAL ECONOMIC ZONE LTD,2019-03-31 00:00:00,414.19,23958.13,27445.72,4493.39,56311.43,28121.42,4483.48,782.3,22924.23,56311.43,2789.66,806.68,5967.3,2070951761,,2
ADANI PORTS & SPECIAL ECONOMIC ZONE LTD,2020-03-31 00:00:00,406.35,25050.61,29978.7,6481.04,61916.7,32714.51,3216.33,1178,24807.86,61916.7,3202.14,288.28,7313.86,2031751761,,2
ASIAN PAINTS LTD,2011-03-31 00:00:00,95.92,2091.5,233.43,2189.73,4610.58,1309.87,43.32,428.97,2828.42,4610.58,573.1,1305.43,626.23,95919779,,10
ASIAN PAINTS LTD,2012-03-31 00:00:00,95.92,2652.58,341.11,2622.58,5712.19,1300.55,617.08,354.74,3439.82,5712.19,781.25,1598.89,624.31,95919779,,10
ASIAN PAINTS LTD,2013-03-31 00:00:00,95.92,3288.37,250.96,3149.25,6784.5,2440.97,59.21,295.68,3988.64,6784.5,980.88,1830.29,736.69,95919779,,10
ASIAN PAINTS LTD,2014-03-31 00:00:00,95.92,3943.3,249.15,3787.03,8075.4,2561.58,71.6,1423.55,4018.67,8075.4,1110.3,2069.86,229,959197800,,1
ASIAN PAINTS LTD,2015-03-31 00:00:00,95.92,4646.44,418.17,3753.97,8914.5,2660.04,196,1587.79,4470.67,8914.5,1182.07,2258.52,204.39,959197790,,1
ASIAN PAINTS LTD,2016-03-31 00:00:00,95.92,6428.9,323.29,3710.92,10559.03,3416.35,106.59,2712.13,4323.96,10559.03,1186.84,1998.24,424.2,959197790,,1
ASIAN PAINTS LTD,2017-03-31 00:00:00,95.92,7507.97,560.34,4240.96,12405.19,3303.74,257.54,2651.99,6191.92,12405.19,1446.6,2626.94,801.21,959197790,,1
ASIAN PAINTS LTD,2018-03-31 00:00:00,95.92,8314.31,533.43,4819.82,13763.48,3732.24,1405.11,2140.7,6485.43,13763.48,1730.63,2658.31,404.65,959197790,,1
ASIAN PAINTS LTD,2019-03-31 00:00:00,95.92,9374.63,1319.6,5458.69,16248.84,6496.56,209.67,2568.58,6974.03,16248.84,1907.33,3149.86,444.88,959197790,,1
ASIAN PAINTS LTD,2020-03-31 00:00:00,95.92,10034.24,1118.5,4889.31,16137.97,6272.31,140.24,2018.85,7706.57,16137.97,1795.22,3389.81,782.83,959197790,,1
AXIS BANK LTD,2011-03-31 00:00:00,410.55,18484.06,215434.31,8237.73,242566.65,2269.96,22.96,71787.55,168486.18,242566.65,,,21408.65,410545843,,10
AXIS BANK LTD,2012-03-31 00:00:00,413.2,22268.51,254059.35,8675.45,285416.51,2204.32,79.82,92921.44,190210.93,285416.51,,,13934.23,413203952,,10
AXIS BANK LTD,2013-03-31 00:00:00,467.95,32690.42,296254.22,11145.14,340557.73,2244.91,142.42,113378.06,224792.34,340557.73,,,20499.92,467954468,,10
AXIS BANK LTD,2014-03-31 00:00:00,469.84,37926.2,333280.29,14673.73,386350.06,2345.64,101.62,113092.78,270810.02,386350.06,,,28582.16,469844553,,10
AXIS BANK LTD,2015-03-31 00:00:00,474.1,44475.49,406637.67,15655.71,467242.97,2446.72,105.18,118526.63,346164.44,467242.97,,,36492.1,2370522199,,2
AXIS BANK LTD,2016-03-31 00:00:00,476.57,53082.19,472149.92,20677.94,546386.62,3357.87,215.89,131398.64,411414.22,546386.62,,,33702.81,2382831826,,2
AXIS BANK LTD,2017-03-31 00:00:00,479.01,55901.34,527437.44,27644.22,611462.01,3518.14,292.1,129018.35,478633.42,611462.01,,,50966.12,2395036109,,2
AXIS BANK LTD,2018-03-31 00:00:00,513.31,63694.1,611424.85,28071.11,703703.37,3697.03,351.79,153036.71,546617.84,703703.37,,,43910.81,2566538936,,2
AXIS BANK LTD,2019-03-31 00:00:00,514.33,67288.29,711995.77,34247.58,814045.97,3842.12,287.76,174055.85,635860.24,814045.97,,,68004.31,2571644871,,2
AXIS BANK LTD,2020-03-31 00:00:00,564.34,85776.09,797337.38,44194,927871.81,3911.74,482.6,155281.63,768195.84,927871.81,,,97799.77,2821677934,,2
ULTRATECH CEMENT LTD,2011-03-31 00:00:00,274.04,10372.56,5540.91,5438.75,21626.26,12774.75,760.16,3513.86,4577.49,21626.26,824.84,2094.73,190.29,274041665,,10
ULTRATECH CEMENT LTD,2012-03-31 00:00:00,274.07,12550.35,5890.76,6181.06,24896.24,13313.92,1940.29,3547.45,6094.58,24896.24,1088.75,2197.96,214.29,274065301,,10
ULTRATECH CEMENT LTD,2013-03-31 00:00:00,274.18,14955.41,7342.27,7009.69,29581.55,15049.74,3601.17,4708.54,6222.1,29581.55,1376.29,2540.67,184.79,274179917,,10
ULTRATECH CEMENT LTD,2014-03-31 00:00:00,274.24,16907.66,7331.86,7670.92,32184.68,18099.7,2185.86,4861.85,7037.27,32184.68,1632.06,2580.35,348.49,274241400,,10
ULTRATECH CEMENT LTD,2015-03-31 00:00:00,274.4,18766.78,9829.14,9183.09,38053.41,23342.85,2250.01,4500.02,7960.53,38053.41,1658.82,2949.12,370.6,274404627,,10
ULTRATECH CEMENT LTD,2016-03-31 00:00:00,274.43,21671.2,10615.99,8631.49,41193.11,25309.42,1469.09,5095.18,9319.42,41193.11,1928.21,2454.58,2266.96,274431377,,10
ULTRATECH CEMENT LTD,2017-03-31 00:00:00,274.51,24117.38,8474.49,9342.73,42209.11,25903.75,921.48,6690.51,8693.37,42209.11,1757.09,2400.64,2248.78,274507906,,10
ULTRATECH CEMENT LTD,2018-03-31 00:00:00,274.61,26106.55,19480.22,11279.71,57141.09,39715.3,1511.21,5446.9,10467.68,57141.09,2220.63,3267.59,219.07,274613985,,10
ULTRATECH CEMENT LTD,2019-03-31 00:00:00,274.64,28087.65,25337,22826.08,76525.37,56644.62,1153.32,2921.33,15806.1,76525.37,2787.03,4098.96,739.68,274642720,,10
ULTRATECH CEMENT LTD,2020-03-31 00:00:00,288.63,38826.85,22897.93,17317.74,79331.15,56982.39,919.59,5928.69,15500.48,79331.15,2238.29,4148.31,539.21,288625105,,10
WIPRO LTD,2011-03-31 00:00:00,490.6,21996.4,5280.1,9052.9,36820,10488.4,503.4,5240.6,20587.6,36820,6177.3,970.7,6114.1,2452794474,979765124,2
WIPRO LTD,2012-03-31 00:00:00,491.5,26525.8,5895.8,10317.5,43230.6,12435.5,346.6,4471.5,25977,43230.6,8038.7,1066.2,7766.6,2457141557,,2
WIPRO LTD,2013-03-31 00:00:00,492.4,26072.2,6381.3,10675.2,43621.1,9996.3,406.6,6764.6,26453.6,43621.1,7669.8,326.3,8483.8,2462934730,,2
WIPRO LTD,2014-03-31 00:00:00,493,31635.7,5159.2,12245,49532.9,10649.1,369.1,6146.4,32368.3,49532.9,8546.7,229.3,11420.1,2464506890,,2
WIPRO LTD,2015-03-31 00:00:00,493.7,36598.3,7891.2,13366.7,58349.9,10837.1,395.1,5532.1,41585.6,58349.9,9154.8,484.9,16619,2469043038,,2
WIPRO LTD,2016-03-31 00:00:00,494.1,45650.7,12522.1,12923.5,71590.4,17279.1,380.6,20915.1,33015.6,71590.4,9961.4,539,9904.9,2470713290,,2
WIPRO LTD,2017-03-31 00:00:00,486.1,51184.1,14241.2,12760.8,78672.2,19886.5,737.7,29913.3,28134.7,78672.2,9484.6,391.5,5271,2430900565,,2
WIPRO LTD,2018-03-31 00:00:00,904.8,47021.5,13901.2,13563.3,75390.8,18126.7,1377.7,25796.8,30089.6,75390.8,10099,337,4492.5,4523784491,2433074327,2
WIPRO LTD,2019-03-31 00:00:00,1206.8,55215.8,9946.7,16217.1,82586.4,17464.7,2141.8,22886.7,40093.2,82586.4,10048.9,395.1,15852.9,6033935388,1508469180,2
WIPRO LTD,2020-03-31 00:00:00,1142.7,54179,9068,16609.9,80999.6,22062.1,1881.1,20032,37024.4,80999.6,10447.4,186.5,14449.9,5713357390,,2
UPL LTD,2011-03-31 00:00:00,92.36,3633.69,2678.67,1800.5,8205.22,2320.85,56.76,823.18,5004.43,8205.22,1479.48,1405.54,1565.86,461804274,,2
UPL LTD,2012-03-31 00:00:00,92.36,4080.75,3389.11,2712.73,10274.95,3222.94,305.65,794.52,5951.84,10274.95,2445.34,1877.86,700.18,461804274,,2
UPL LTD,2013-03-31 00:00:00,88.52,4556.7,4203.32,3487.49,12336.03,3489.21,377.62,1025.15,7444.05,12336.03,2684.99,2068.7,1548.23,442604274,,2
UPL LTD,2014-03-31 00:00:00,85.72,5161.7,3349.49,4162.14,12759.05,3820.93,227.77,737.28,7973.07,12759.05,3208.46,2480.07,1022.78,428604274,,2
UPL LTD,2015-03-31 00:00:00,85.72,5774.61,3280.59,5143,14283.92,4030.8,583.1,763.63,8906.39,14283.92,3793.04,2937.6,1009.81,428604274,,2
UPL LTD,2016-03-31 00:00:00,86,2006,5258,9519,16869,3862,484,335,12188,16869,5100,3787,1189,428604274,,2
UPL LTD,2017-03-31 00:00:00,101,7214,6361,6536,20212,4071,792,378,14971,20212,5656,4156,2895,507017118,,2
UPL LTD,2018-03-31 00:00:00,102,9067,6638,7148,22955,4437,1319,1034,16165,22955,6056,4538,2894,509333081,,2
UPL LTD,2019-03-31 00:00:00,102,14613,29139,18581,62435,32149,1855,708,27723,62435,11679,9133,2851,509333081,,2
UPL LTD,2020-03-31 00:00:00,153,16143,29386,22746,68428,35321,2073,558,30476,68428,11867,7850,6752,764045456,,2
TITAN COMPANY LTD,2011-03-31 00:00:00,44.39,991.23,68.02,2654.86,3758.5,288.42,16.64,2.58,3450.86,3758.5,117.63,1998.12,1109.88,44389308,,10
TITAN COMPANY LTD,2012-03-31 00:00:00,88.78,1372.14,5.89,3243.1,4709.91,383.92,24.85,2.44,4298.7,4709.91,165.19,2882.02,967.1,887786160,443893080,1
TITAN COMPANY LTD,2013-03-31 00:00:00,88.78,1881.07,,3914.2,5884.05,463.9,41.76,2.91,5375.48,5884.05,165.83,3680.33,1139.04,887786000,,1
TITAN COMPANY LTD,2014-03-31 00:00:00,88.78,2433.95,806.84,2781.26,6110.83,614.23,32.87,3.09,5460.64,6110.83,154.13,3869.39,892.67,887800000,,1
TITAN COMPANY LTD,2015-03-31 00:00:00,88.78,2995.09,99.79,2684.3,5867.96,699.11,55.19,3.1,5110.56,5867.96,189.73,4049.3,213.81,887786160,,1
TITAN COMPANY LTD,2016-03-31 00:00:00,88.78,3417.5,113.05,2722.58,6341.91,770.54,106.71,30.41,5434.25,6341.91,192.5,4447.15,116.35,887786160,,1
TITAN COMPANY LTD,2017-03-31 00:00:00,88.78,4143.6,1882.43,2292.76,8407.57,1188.72,152.07,430.73,6636.05,8407.57,207.6,4925.74,778.93,887786160,,1
TITAN COMPANY LTD,2018-03-31 00:00:00,88.78,5001.1,1691.01,2740.15,9521.04,1473.81,43.37,35.99,7967.87,9521.04,295.69,5924.84,617.91,887786160,,1
TITAN COMPANY LTD,2019-03-31 00:00:00,88.78,5981.37,2392.98,3246.71,11709.84,1566.63,31.77,108.42,10003.02,11709.84,420.45,7038.82,1066.48,887786160,,1
TITAN COMPANY LTD,2020-03-31 00:00:00,88.78,6579.97,3561,3313.85,13543.6,2633.43,18.24,157.93,10734,13543.6,311.55,8102.98,381.13,887786160,,1
TATA MOTORS LTD,2011-03-31 00:00:00,634.65,18533.76,32810.55,48402.88,100381.84,35349.05,11456.79,2544.26,51031.74,100381.84,6525.65,14070.51,11409.6,634663990,,10
TATA MOTORS LTD,2012-03-31 00:00:00,634.75,32063.75,47148.96,62918.68,142766.14,44360.41,15945.83,8917.71,73542.19,142766.14,8236.84,18216.02,18238.13,3173796570,,2
TATA MOTORS LTD,2013-03-31 00:00:00,638.07,36999.23,53715.71,76977.02,168330.03,55511.73,18453.55,8764.73,85600.02,168330.03,10959.6,21036.82,21114.82,3190854541,,2
TATA MOTORS LTD,2014-03-31 00:00:00,643.78,64959.67,60642.28,92180.26,218425.99,69091.67,33262.56,10686.67,105385.09,218425.99,10574.23,27270.89,29711.79,3218919600,,2
TATA MOTORS LTD,2015-03-31 00:00:00,643.78,55618.14,73610.39,107442.48,237314.79,88479.49,28640.09,15336.74,104858.47,237314.79,12579.2,29272.34,32115.76,3219404107,,2
TATA MOTORS LTD,2016-03-31 00:00:00,679.18,78273.23,69359.96,114871.75,263184.12,107231.76,25918.94,23767.02,106266.4,263184.12,13570.91,32655.73,30460.4,3396319055,,2
TATA MOTORS LTD,2017-03-31 00:00:00,679.22,57382.67,78603.98,135914.49,272580.36,95944.08,33698.84,20337.92,122599.52,272580.36,14075.55,35085.31,36077.88,3396579156,,2
TATA MOTORS LTD,2018-03-31 00:00:00,679.22,94748.69,88950.47,142813.43,327191.81,121413.86,40033.5,20812.75,144931.7,327191.81,19893.3,42137.63,34613.91,3396579156,,2
TATA MOTORS LTD,2019-03-31 00:00:00,679.22,59500.34,106175.34,139348.59,305703.49,111234.47,31883.84,15770.72,146814.46,305703.49,18996.17,39013.73,32648.82,3396579156,,2
TATA MOTORS LTD,2020-03-31 00:00:00,719.54,61491.49,124787.64,133180.72,320179.39,127107.14,35622.29,16308.48,141141.48,320179.39,11172.69,37456.88,33726.97,3598202563,,2
TATA CONSULTANCY SERVICES LTD,2011-03-31 00:00:00,195.72,24209.09,74.8,8091.94,32571.55,7479.09,1193.89,1762.67,22135.9,32571.55,8194.97,22.82,4700.85,1957220996,,1
TATA CONSULTANCY SERVICES LTD,2012-03-31 00:00:00,195.72,29283.51,126.55,11551.26,41157.04,8662.06,1446.37,1350.33,29698.28,41157.04,11520.35,17.77,5813.08,1957220996,,1
TATA CONSULTANCY SERVICES LTD,2013-03-31 00:00:00,195.72,38350.01,232.27,13154.39,51932.39,9828.01,1895.36,1897.34,38311.68,51932.39,14095.58,21.15,6769.16,1957220996,,1
TATA CONSULTANCY SERVICES LTD,2014-03-31 00:00:00,195.87,48998.89,296.87,17337.35,66828.98,9544.33,3168.48,3433.74,50682.43,66828.98,18230.4,15.21,14441.84,1958727979,,1
TATA CONSULTANCY SERVICES LTD,2015-03-31 00:00:00,195.87,50438.89,357.7,22325.46,73317.92,11638.17,2766.37,1661.78,57251.6,73317.92,20437.94,16.07,18556.04,1958727979,,1
TATA CONSULTANCY SERVICES LTD,2016-03-31 00:00:00,197,70875,245,16974,88291,11774,1670,22822,52025,88291,24073,16,6788,1970427941,,1
TATA CONSULTANCY SERVICES LTD,2017-03-31 00:00:00,197,86017,289,15830,102333,11701,1541,41980,47111,102333,22617,21,4149,1970427941,,1
TATA CONSULTANCY SERVICES LTD,2018-03-31 00:00:00,191,84937,247,19751,105126,11973,1278,36008,55867,105126,24943,26,7161,1914287591,,1
TATA CONSULTANCY SERVICES LTD,2019-03-31 00:00:00,375,89071,62,24393,113901,12290,963,29330,71318,113901,27346,10,12848,3752384706,,1
TATA CONSULTANCY SERVICES LTD,2020-03-31 00:00:00,375,83751,6906,29088,120120,20928,906,26356,71930,120120,30532,5,9666,3752384706,,1
TECH MAHINDRA LTD,2011-03-31 00:00:00,126,3225.4,1806.4,887,6044.8,617,110.5,2908,2409.3,6044.8,1246.8,0.6,266.6,125955481,,10
TECH MAHINDRA LTD,2012-03-31 00:00:00,127.5,3923.4,1126.6,1757.8,6935.3,682.5,167.1,3587.6,2498.1,6935.3,1317.2,,241.8,127486541,,10
TECH MAHINDRA LTD,2013-03-31 00:00:00,128.1,5297.2,1380.4,2178.7,8984.4,1244.6,34.3,4098.7,3606.8,8984.4,1703.6,11,535.8,128119023,,10
TECH MAHINDRA LTD,2014-03-31 00:00:00,233.5,8947,363.1,6396,15939.6,2594.4,266.2,1471.9,11607.1,15939.6,4348.6,9.8,3314.9,233472890,,10
TECH MAHINDRA LTD,2015-03-31 00:00:00,480.4,11768.2,700.1,6899.4,19848.1,4032.9,567.7,2102.8,13144.7,19848.1,5205.9,24.5,2404.9,960788912,240161580,5
TECH MAHINDRA LTD,2016-03-31 00:00:00,435.5,14154,1090.9,6844.3,22524.7,4309.3,629.4,1297.1,16288.9,22524.7,5770.5,40.3,4018,967810069,,5
TECH MAHINDRA LTD,2017-03-31 00:00:00,438.8,15996.5,1366.2,8255.5,26057,6460.1,372.9,2395.5,16828.5,26057,5337.7,61.1,3218.6,974096080,,5
TECH MAHINDRA LTD,2018-03-31 00:00:00,441.7,18398.8,2396.6,9194.3,30431.4,7622.4,239.9,4840.7,17728.4,30431.4,6497.9,65.9,3044.3,979733808,,5
TECH MAHINDRA LTD,2019-03-31 00:00:00,443.7,19838.7,1995.5,11167.9,33445.8,7061.2,276.3,7341.9,18766.4,33445.8,6958.6,75.2,2358.7,887268630,,5
TECH MAHINDRA LTD,2020-03-31 00:00:00,435.9,21376.5,2816.6,12688.9,37317.9,8872,50.1,5848.3,22547.5,37317.9,7577.2,35.8,3148.3,871547203,,5
SBI LIFE INSURANCE COMPANY LTD,2011-03-31 00:00:00,1000,629.7,,39614.52,41244.22,279.75,3.41,39625.31,1335.75,41244.22,,,803.21,1000000000,,10
SBI LIFE INSURANCE COMPANY LTD,2012-03-31 00:00:00,1000,1155.65,,46084.75,48240.4,263.42,1.8,44777.62,3197.56,48240.4,,,2303.4,1000000000,,10
SBI LIFE INSURANCE COMPANY LTD,2013-03-31 00:00:00,1000,1736.42,,50978.01,53714.43,282.84,2.7,50047.3,3381.59,53714.43,,,2153.19,1000000000,,10
SBI LIFE INSURANCE COMPANY LTD,2014-03-31 00:00:00,1000,2356.32,,57284,60640.32,304.47,3.69,56274.62,4057.54,60640.32,,,2542.29,1000000000,,10
SBI LIFE INSURANCE COMPANY LTD,2015-03-31 00:00:00,1000,3056.34,,70064.19,74120.53,291.62,6.81,69384.78,4437.32,74120.53,,,2523.78,1000000000,,10
SBI LIFE INSURANCE COMPANY LTD,2016-03-31 00:00:00,1000,3733.1,,78695.97,83429.07,301.02,146.23,77842.69,5139.13,83429.07,,,2616.76,1000000000,,10
SBI LIFE INSURANCE COMPANY LTD,2017-03-31 00:00:00,1000,4552.08,,96687.49,102239.57,507.43,31.05,95830.28,5870.81,102239.57,,,2429.84,1000000000,,10
SBI LIFE INSURANCE COMPANY LTD,2018-03-31 00:00:00,1000,5527.82,,115192.61,121720.43,511.18,70.11,114435.87,6703.27,121720.43,,,2644.63,1000000000,,10
SBI LIFE INSURANCE COMPANY LTD,2019-03-31 00:00:00,1000,6576.36,,139157.48,146733.84,563.37,31.85,139324.71,6813.91,146733.84,,,2420.63,1000000000,,10
SBI LIFE INSURANCE COMPANY LTD,2020-03-31 00:00:00,1000.03,7743.06,,156837.1,165580.19,567.99,13.19,158813.21,6185.8,165580.19,,,1423.23,1000026295,,10
TATA STEEL LTD,2011-03-31 00:00:00,958.74,34426.97,60577.07,39349.89,135312.67,51865.83,13551.71,7847.34,62047.79,135312.67,14811.92,24055.24,10859.05,959454565,,10
TATA STEEL LTD,2012-03-31 00:00:00,971.41,41644.81,59896.77,44277.66,146790.65,59286.87,20196.03,4021.25,63286.5,146790.65,14878.48,25598,10798.81,972126020,,10
TATA STEEL LTD,2013-03-31 00:00:00,971.41,33200.83,68507.32,44196.74,146876.3,68001.6,14276.62,3257.66,61340.42,146876.3,13993.96,24091.19,9833.92,972126020,,10
TATA STEEL LTD,2014-03-31 00:00:00,971.41,39560.55,81608.65,49463.07,171603.68,74906.93,26822.45,5093.47,64780.83,171603.68,16005.77,26880,8604.5,972126000,,10
TATA STEEL LTD,2015-03-31 00:00:00,971.41,30378,80701.29,47058.6,159109.3,68100.33,28678.12,3455.05,58875.8,159109.3,13309.87,25149.91,8749.94,972126000,,10
TATA STEEL LTD,2016-03-31 00:00:00,970.24,40487.31,81986.93,53439.51,176883.99,72199.76,35996.09,10713.71,57974.43,176883.99,12066.22,20013.33,6186.34,972126020,,10
TATA STEEL LTD,2017-03-31 00:00:00,970.24,34574.07,83014.49,53888.57,172447.37,92006.55,15784.13,12457.12,52199.57,172447.37,11586.82,24803.82,4921.05,972126020,,10
TATA STEEL LTD,2018-03-31 00:00:00,1144.95,57450.65,92127.08,57999.46,208722.14,96104.89,16614.41,17899.47,78103.37,208722.14,12415.52,28331.04,7937.85,1205217850,,10
TATA STEEL LTD,2019-03-31 00:00:00,1144.94,65505.14,100802.91,65320.45,232773.44,124441.91,18641.21,5738.17,83952.15,232773.44,11811,31656.1,3341.37,1205217850,,10
TATA STEEL LTD,2020-03-31 00:00:00,1144.95,70156.35,116328.2,61519.62,249149.12,134550.66,19496.83,6285.18,88816.45,249149.12,7884.91,31068.72,8054.72,1205217850,,10
STATE BANK OF INDIA,2011-03-31 00:00:00,635,82836.25,1398033.24,166272.13,1647776.62,6141.13,345.7,419066.45,1222223.34,1647776.62,,,155327.45,635083106,,10
STATE BANK OF INDIA,2012-03-31 00:00:00,671.04,105558.97,1572680.76,150720.03,1829630.8,7026.67,381.3,460949.13,1361273.7,1829630.8,,,127590.83,671128349,,10
STATE BANK OF INDIA,2013-03-31 00:00:00,684.03,124348.99,1831125.81,176355.44,2132514.27,8693.5,676.43,519343.42,1603800.92,2132514.27,,,145227.73,684117046,,10
STATE BANK OF INDIA,2014-03-31 00:00:00,746.57,146623.96,2062612.07,185573.42,2395556.02,10222.51,337.27,579401.26,1805594.98,2395556.02,,,167161.34,746656167,,10
STATE BANK OF INDIA,2015-03-31 00:00:00,746.57,160640.97,2297624.26,240148.73,2699160.53,12924.2,400.32,673507.48,2012328.53,2699160.53,,,188481.05,7466561670,,1
STATE BANK OF INDIA,2016-03-31 00:00:00,776.28,179816.09,2615256.95,276472.16,3072321.48,15415.21,785.7,807374.58,2248745.99,3072321.48,,,204559.47,7763598072,,1
STATE BANK OF INDIA,2017-03-31 00:00:00,797.35,216394.8,2936176.32,288391.04,3441759.51,51189.24,694.92,1027280.87,2362594.48,3441759.51,,,273197.16,7974325472,,1
STATE BANK OF INDIA,2018-03-31 00:00:00,892.46,229429.49,3091257.62,294859.6,3616439.17,40300.72,925.07,1183794.24,2391419.14,3616439.17,,,195289.11,8925405164,,1
STATE BANK OF INDIA,2019-03-31 00:00:00,892.46,233603.2,3354288.72,299675.65,3888460.03,39940.76,762.3,1119269.82,2728487.15,3888460.03,,,225512.26,8925405164,,1
STATE BANK OF INDIA,2020-03-31 00:00:00,892.46,250167.66,3607061.3,339364.31,4197485.73,39608.41,469.76,1228284.28,2929123.28,4197485.73,,,254315.26,8925405164,,1
SUN PHARMACEUTICALS INDUSTRIES LTD,2011-03-31 00:00:00,103.56,9379.76,425.58,2329.41,12238.31,3293.35,235.46,2229.76,6479.74,12238.31,1104.87,1489.48,2204.63,1035581955,,1
SUN PHARMACEUTICALS INDUSTRIES LTD,2012-03-31 00:00:00,103.56,12132.22,320.73,3762.29,16318.8,3951.35,344.65,2212.87,9809.93,16318.8,2078.74,2086.98,3367.19,1035581955,,1
SUN PHARMACEUTICALS INDUSTRIES LTD,2013-03-31 00:00:00,103.56,14886.17,259.71,5127.88,20377.32,5647.47,562.61,2411.57,11755.67,20377.32,2412.23,2577.76,4058.71,1035581955,,1
SUN PHARMACEUTICALS INDUSTRIES LTD,2014-03-31 00:00:00,207.12,18317.83,2560.86,8009.34,29095.15,6817.28,841.54,2786.02,18650.31,29095.15,2200.42,3123.01,7590.15,2071163910,1035581960,1
SUN PHARMACEUTICALS INDUSTRIES LTD,2015-03-31 00:00:00,207.12,25382.59,8996.11,14137.37,48723.19,12682.47,2038.61,2716.3,31285.81,48723.19,5106.13,5667.99,10998.04,2071163910,,1
SUN PHARMACEUTICALS INDUSTRIES LTD,2016-03-31 00:00:00,240.66,32741.15,8496.76,13948.93,55427.5,15872.25,2175.45,1829.88,35549.92,55427.5,6775.66,6422.54,13181.65,2406605118,,1
SUN PHARMACEUTICALS INDUSTRIES LTD,2017-03-31 00:00:00,239.93,36399.74,9831.77,14624.01,61095.45,17675.17,2801.38,1191.88,39427.02,61095.45,7202.61,6832.81,15140.84,2399260815,,1
SUN PHARMACEUTICALS INDUSTRIES LTD,2018-03-31 00:00:00,239.93,38074.18,10385.27,15598.01,64297.39,18852.65,2465.16,7142.87,35836.71,64297.39,7815.28,6880.69,9929.38,2399260815,,1
SUN PHARMACEUTICALS INDUSTRIES LTD,2019-03-31 00:00:00,239.93,41169.13,10514.36,12666.11,64589.53,21836.54,1411.15,7902.53,33439.31,64589.53,8884.2,7885.98,7275.6,2399334970,,1
SUN PHARMACEUTICALS INDUSTRIES LTD,2020-03-31 00:00:00,239.93,45024.52,8314.88,14614.99,68194.32,22846.91,1220.34,10143.11,33983.96,68194.32,9421.24,7874.99,6487.55,2399334970,,1
SHREE CEMENT LTD,,,,,,,,,,,,,,,,,
SHREE CEMENT LTD,,,,,,,,,,,,,,,,,
SHREE CEMENT LTD,2013-06-30 00:00:00,34.84,3808.78,1288.24,1028.24,6160.1,1781.94,133.33,2203.23,2041.6,6160.1,314.66,530.48,379.39,34837225,,10
SHREE CEMENT LTD,2014-06-30 00:00:00,34.84,4675.97,1199.87,1418.01,7328.69,2193.77,758.5,2244.33,2132.09,7328.69,296.59,809.78,159.29,34837200,,10
SHREE CEMENT LTD,2015-06-30 00:00:00,34.84,5241.47,916.64,1804.84,7997.79,3004.33,511.1,1662.49,2819.87,7997.79,476.39,918.86,307.54,34837225,,10
SHREE CEMENT LTD,2016-03-31 00:00:00,34.84,6810.58,880.51,1737.26,9463.19,3050.17,264.5,3030.35,3118.17,9463.19,328.62,815.19,83.05,34837225,,10
SHREE CEMENT LTD,2017-03-31 00:00:00,34.84,7663.16,1292.53,2175.45,11165.98,2599.12,710.44,4042.35,3814.07,11165.98,335.12,1314.5,111.1,34837225,,10
SHREE CEMENT LTD,2018-03-31 00:00:00,34.84,8861.82,3402.98,2842.03,15141.67,3589.18,1427.15,5434.08,4691.26,15141.67,459.25,1569.02,120.97,34837225,,10
SHREE CEMENT LTD,2019-03-31 00:00:00,34.84,9635.91,2802.67,3019.38,15492.8,6181.65,1129.45,2285.63,5896.07,15492.8,1023.71,1870.31,439.29,34837225,,10
SHREE CEMENT LTD,2020-03-31 00:00:00,36.08,13133.35,3160.19,3614.36,19943.98,6163.02,1196.72,6357.6,6226.64,19943.98,1080.45,1713.49,614.21,36080748,,10
RELIANCE INDUSTRIES LTD,2011-03-31 00:00:00,2981,151112,84152,69274,307519,158100,28174,21596,99649,307519,15696,38520,30139,2981019381,,10
RELIANCE INDUSTRIES LTD,2012-03-31 00:00:00,2979,166466,92447,65299,327191,138814,25363,38596,124418,327191,16939,46692,40731,2978704713,,10
RELIANCE INDUSTRIES LTD,2013-03-31 00:00:00,2936,179094,107219,73108,362357,133487,49952,42848,136070,362357,9750,54601,50456,2936308755,,10
RELIANCE INDUSTRIES LTD,2014-03-31 00:00:00,2940,195730,138761,91412,428843,141417,91494,60602,135330,428843,9411,56720,37984,2939547231,,10
RELIANCE INDUSTRIES LTD,2015-03-31 00:00:00,2943,215539,168251,117753,504486,156458,166462,76451,105115,504486,5315,53248,12545,2943334138,,10
RELIANCE INDUSTRIES LTD,2016-03-31 00:00:00,2948,228600,194714,172735,598997,184910,228697,84015,101375,598997,4465,46486,11028,2948021694,,10
RELIANCE INDUSTRIES LTD,2017-03-31 00:00:00,2959,260746,217475,225622,706802,198526,324837,82899,100540,706802,8177,48951,3023,2958924277,,10
RELIANCE INDUSTRIES LTD,2018-03-31 00:00:00,5922,287569,239843,277939,811273,403885,187022,82862,137504,811273,17555,60837,4255,5921826196,2959863235,10
RELIANCE INDUSTRIES LTD,2019-03-31 00:00:00,5926,381184,307714,302806,997630,398374,179463,235635,184158,997630,30089,67561,11081,5925868997,2959863235,10
RELIANCE INDUSTRIES LTD,2020-03-31 00:00:00,6339,446991,355133,354552,1163015,532658,109106,276767,244484,1163015,19656,73903,30920,6338693823,,10
POWER GRID CORPORATION OF INDIA LTD,2011-03-31 00:00:00,4629.73,16787.86,41612.45,14632.42,77662.46,38039.51,24075.84,951.66,14595.45,77662.46,1201.04,382.61,4805.87,4629725353,,10
POWER GRID CORPORATION OF INDIA LTD,2012-03-31 00:00:00,4629.73,18953.48,54355.44,14193.86,92132.51,48414.89,28885.52,773.7,14058.4,92132.51,1529.19,441.51,3111.34,4629725353,,10
POWER GRID CORPORATION OF INDIA LTD,2013-03-31 00:00:00,4629.73,21773.38,69233.4,17747.82,113384.33,62568.49,35265.42,586.37,14964.05,113384.33,1491.38,553.1,2678.89,4629725353,,10
POWER GRID CORPORATION OF INDIA LTD,2014-03-31 00:00:00,5231.59,29466.35,84219.58,22562.38,141479.9,74251.67,50069.07,423.44,16735.72,141479.9,1618.29,713.71,4974.37,5231589600,,10
POWER GRID CORPORATION OF INDIA LTD,2015-03-31 00:00:00,5231.59,33207.14,96243.41,26102.3,160784.44,91191.06,53681.28,219.59,15692.51,160784.44,2206.96,739,2988.55,5231589648,,10
POWER GRID CORPORATION OF INDIA LTD,2016-03-31 00:00:00,5231.59,38738.34,108544.91,26797.05,179311.89,115094.18,45610.96,918.55,17688.2,179311.89,2739.47,727.59,2243.35,5231589648,,10
POWER GRID CORPORATION OF INDIA LTD,2017-03-31 00:00:00,5231.59,44633.91,118987.91,26808.84,195662.25,137677.86,38264.34,1164.96,18555.09,195662.25,3131.93,924.2,3353.63,5231589648,,10
POWER GRID CORPORATION OF INDIA LTD,2018-03-31 00:00:00,5231.59,49194.4,131502.96,39425.41,225354.36,156198.27,37668.57,1223.97,30263.55,225354.36,3640.02,1087.66,2189.02,5231589648,,10
POWER GRID CORPORATION OF INDIA LTD,2019-03-31 00:00:00,5231.59,53856.8,146376.36,41915.55,247380.3,172739.62,37631.06,1296.42,35713.2,247380.3,4728.1,1269.96,4336.65,5231589648,,10
POWER GRID CORPORATION OF INDIA LTD,2020-03-31 00:00:00,5231.59,59463.76,148269.64,43706.14,256671.13,181112.13,35177.41,1431.08,38950.51,256671.13,5040.71,1451.37,5438.97,5231589648,,10
OIL & NATURAL GAS CORPN LTD,2011-03-31 00:00:00,4277.76,111049.49,6704.24,71495.08,193526.57,35858.76,34760.06,3100.01,119807.74,193526.57,9972.98,9049.08,20815.82,8555528064,4277745060,5
OIL & NATURAL GAS CORPN LTD,2012-03-31 00:00:00,4277.76,132161.37,15972.68,79770.9,232182.71,38541.98,49698.12,2920.71,141021.9,232182.71,11718.08,13703.06,27891.42,8555528064,,5
OIL & NATURAL GAS CORPN LTD,2013-03-31 00:00:00,4277.76,148249.81,20685.61,80210.66,253423.84,49104.07,53385.01,2128.18,148806.58,253423.84,15395.61,13359.68,19619.05,8555528060,,5
OIL & NATURAL GAS CORPN LTD,2014-03-31 00:00:00,4277.76,167873.77,49112.75,103711.43,324975.71,64655.28,72033.68,4745.9,183540.85,324975.71,16029,15551.08,24480.13,8555528060,,5
OIL & NATURAL GAS CORPN LTD,2015-03-31 00:00:00,4277.76,176176.64,53944.47,103447.69,337846.56,88928.03,63393.37,4749.14,180776.02,337846.56,18815.82,11354.86,16096.92,8555528060,,5
OIL & NATURAL GAS CORPN LTD,2016-03-31 00:00:00,4277.76,193535.88,45500.17,98458.57,341772.38,46385.25,57668.48,33386.85,204331.8,341772.38,8331.71,10761.97,24689.04,8555528060,,5
OIL & NATURAL GAS CORPN LTD,2017-03-31 00:00:00,6416.63,187968.59,80029.27,170110.83,444525.32,81510.27,59042.48,70745.67,233226.9,444525.32,12547.12,30555.38,13212.64,12833273124,4277745060,5
OIL & NATURAL GAS CORPN LTD,2018-03-31 00:00:00,6416.63,197602.3,106549.94,148663.53,459232.4,82969.91,61511.87,67334.61,247416.01,459232.4,13899.17,31253.57,5062.84,12833273124,,5
OIL & NATURAL GAS CORPN LTD,2019-03-31 00:00:00,6290.15,210644.5,107741.69,167666.95,492343.29,86011.31,69056.44,66908.92,270366.62,492343.29,15396.46,35949.41,4819.66,12580279206,,5
OIL & NATURAL GAS CORPN LTD,2020-03-31 00:00:00,6290.15,200677.54,128693.22,166585.4,502246.31,103847.82,83832.4,50640.28,263925.81,502246.31,9173.41,34065.12,5704.09,12580279206,,5
NTPC LTD,2011-03-31 00:00:00,8245.46,60198.06,50754.24,17414.38,136612.14,44863.83,41092.02,8357.33,42298.96,136612.14,1746.27,3910.83,17859.83,8245464400,,10
NTPC LTD,2012-03-31 00:00:00,8245.46,66157.33,59803.6,21048.55,155254.94,51131.49,50398.26,6545.34,47179.85,155254.94,6681.02,4177.91,18087.39,8245464400,,10
NTPC LTD,2013-03-31 00:00:00,8245.46,72995.49,70418.78,27115.92,178775.65,71832.71,46554.64,4922.88,55465.42,178775.65,6096.15,4640.85,18738.12,8245464400,,10
NTPC LTD,2014-03-31 00:00:00,8245.46,79084.26,81454.98,31333.5,200118.2,84207.98,53824.96,3300.42,58784.84,200118.2,6725.66,6061.55,17050.67,8245464400,,10
NTPC LTD,2015-03-31 00:00:00,8245.46,73848.52,102252,35366.06,219712.04,91853.02,67554.69,1901.51,58402.82,219712.04,9249.92,8059.7,14251.61,8245464400,,10
NTPC LTD,2016-03-31 00:00:00,8245.46,83330.12,99423.55,33665.93,224665.06,92929.36,75045.53,6473.36,50216.81,224665.06,8288.79,7144.55,4938.32,8245464400,,10
NTPC LTD,2017-03-31 00:00:00,8245.46,89592.56,113773.2,36989.6,248600.82,104531.66,86895.71,7613.92,49559.53,248600.82,8963.89,6689.59,3301.46,8245464400,,10
NTPC LTD,2018-03-31 00:00:00,8245.46,95318.01,130048.56,48880.23,282492.26,128245.42,83386.1,8875.61,61985.13,282492.26,8812.19,6270.88,4387.6,8245464400,,10
NTPC LTD,2019-03-31 00:00:00,9894.56,101461.65,173058.23,62508.55,346922.99,150984.53,118396.86,8132.31,69409.29,346922.99,12363.52,8513.45,2933.43,9894557280,1649092880,10
NTPC LTD,2020-03-31 00:00:00,9894.56,108944.6,200629.67,58202.15,377670.98,187802.79,98508.47,9306.59,82053.13,377670.98,20370.8,11422.39,3214.29,9894557280,1649092880,10
NESTLE INDIA LTD,2011-12-31 00:00:00,96.42,1177.54,970.87,2156.95,4401.78,1575.75,1371.78,134.37,1319.88,4401.78,115.42,734.04,227.21,96415716,,10
NESTLE INDIA LTD,2012-12-31 00:00:00,96.42,1701.99,1050.19,2315.32,5163.92,3204.27,344.08,364.86,1250.71,5163.92,87.57,745.58,236.96,96415716,,10
NESTLE INDIA LTD,2013-12-31 00:00:00,96.42,2272.33,1189.49,2756.03,6314.27,3369.31,294.71,851.08,1799.17,6314.27,84.27,735.93,749.36,96415716,,10
NESTLE INDIA LTD,2014-12-31 00:00:00,96.42,2740.79,19.57,2962.72,5819.5,3176.64,244.78,811.82,1586.26,5819.5,99.1,844.1,445.82,96415716,,10
NESTLE INDIA LTD,2015-12-31 00:00:00,96.42,2721.42,17.73,3250.76,6086.33,2897.85,230.79,1324.92,1632.77,6086.33,78.42,820.81,499.55,96415716,,10
NESTLE INDIA LTD,2016-12-31 00:00:00,96.42,3185.91,33.15,3494.98,6810.46,2730.14,188.17,1755.66,2136.49,6810.46,97.93,940.06,880,96415716,,10
NESTLE INDIA LTD,2017-12-31 00:00:00,96.42,3324.17,35.14,3906.86,7362.59,2616.18,94.16,1978.87,2673.38,7362.59,88.97,902.47,1457.42,96415716,,10
NESTLE INDIA LTD,2018-12-31 00:00:00,96.42,3577.32,35.14,4379.2,8088.08,2400.62,105.2,2658.49,2923.77,8088.08,124.59,965.55,1610.06,96415716,,10
NESTLE INDIA LTD,2019-12-31 00:00:00,96.42,1835.84,53.14,5072.8,7058.2,2226.71,143.3,1751.05,2937.14,7058.2,124.33,1283.07,1308.05,96415716,,10
NESTLE INDIA LTD,2020-12-31 00:00:00,96.42,1922.92,147.49,5732.9,7899.73,2179.41,638.58,1463.77,3617.97,7899.73,164.93,1416.48,1769.87,,,10
MARUTI SUZUKI INDIA LTD,2011-03-31 00:00:00,144.5,14164.3,454,4343.5,19106.3,5671.8,879.2,5439.3,7116,19106.3,881.3,1438.6,2532,288910060,,5
MARUTI SUZUKI INDIA LTD,2012-03-31 00:00:00,144.5,15530.2,1420.8,6003.7,23099.2,7745.5,942.7,6545,7866,23099.2,1006.6,1837.8,2463.4,288910060,,5
MARUTI SUZUKI INDIA LTD,2013-03-31 00:00:00,151,18876.8,1568.8,6920.4,27517,10021.7,1966.5,7421.4,8107.4,27517,1535.5,1887.2,814.8,302080060,,5
MARUTI SUZUKI INDIA LTD,2014-03-31 00:00:00,151,21345.4,2004.1,7975,31475.5,11033.7,2639.5,10527.1,7275.2,31475.5,1489.1,1763.2,648.6,302080060,,5
MARUTI SUZUKI INDIA LTD,2015-03-31 00:00:00,151,24167.4,666.2,9492.3,34476.9,12489.5,1890.1,13297.7,6799.6,34476.9,1144.3,2745.3,43.2,302080060,,5
MARUTI SUZUKI INDIA LTD,2016-03-31 00:00:00,151,30465,230.9,11878.6,42725.5,12529.6,1006.9,20675.8,8513.2,42725.5,1323.4,3132.6,50.7,302080060,,5
MARUTI SUZUKI INDIA LTD,2017-03-31 00:00:00,151,36924.1,483.6,14401.8,51960.5,13310.7,1252.3,29150.6,8246.9,51960.5,1202.6,3263.7,23.5,302080060,,5
MARUTI SUZUKI INDIA LTD,2018-03-31 00:00:00,151,42408.4,120.8,17568.2,60248.4,13388.8,2132.1,36123.1,8604.4,60248.4,1465.4,3160.2,74,302080060,,5
MARUTI SUZUKI INDIA LTD,2019-03-31 00:00:00,151,46941.1,159.6,16717,63968.7,15437.3,1606.9,37503.6,9420.9,63968.7,2312.8,3322.6,187.8,302080060,,5
MARUTI SUZUKI INDIA LTD,2020-03-31 00:00:00,151,49262,184.1,14030.6,63627.7,15815.3,1344.3,37488,8980.1,63627.7,2129.8,3213.9,29,302080060,,5
JSW STEEL LTD,2011-03-31 00:00:00,284.15,15436.77,16476.16,13691.17,45888.25,26903.86,6023.05,2913.83,10047.51,45888.25,933.35,4409.7,2036.12,284147200,,10
JSW STEEL LTD,2012-03-31 00:00:00,284.15,16186.39,19909.11,17542.56,53922.21,33812.06,2831.71,2089.6,15188.84,53922.21,1461.95,5789.26,3046.97,284147200,,10
JSW STEEL LTD,2013-03-31 00:00:00,284.15,16780.55,21345.98,19102.1,57512.78,34716.8,5897.87,1749.95,15148.16,57512.78,2106.29,5495.23,1653.37,284147200,,10
JSW STEEL LTD,2014-03-31 00:00:00,302.75,20871.15,34762.1,21703.89,77639.89,47045.94,9399.75,662.74,20531.46,77639.89,2292.44,8155.12,662.97,241722044,,10
JSW STEEL LTD,2015-03-31 00:00:00,302.75,21986.89,37989.82,25374.42,85653.88,52176.28,8265.27,599.25,24613.08,85653.88,2499.75,11009.04,1913.25,302752000,,10
JSW STEEL LTD,2016-03-31 00:00:00,300.9,18664.55,42204.03,20737.42,81906.9,56139.52,7270.85,1194.61,17301.92,81906.9,2727.37,8321.18,1020.4,241722044,,10
JSW STEEL LTD,2017-03-31 00:00:00,301,22346,43334,22024,88005,58730,4363,1366,23546,88005,4149,11395,1485,2417220440,,1
JSW STEEL LTD,2018-03-31 00:00:00,302,27696,39185,24787,91970,57848,5950,1469,26703,91970,4704,12594,1063,3016231580,,1
JSW STEEL LTD,2019-03-31 00:00:00,301,34494,47376,32626,114797,62644,11889,1894,38370,114797,7160,14548,6187,2417220440,,1
JSW STEEL LTD,2020-03-31 00:00:00,301,36298,59349,35872,131820,61994,27191,1259,41376,131820,4505,13864,12003,2417220440,,1
LARSEN & TOUBRO LTD,2011-03-31 00:00:00,121.77,24928.78,37216.05,32446.83,94713.43,15624.16,12362.37,9215.77,57511.13,94713.43,14119.45,3040.27,3644.64,608852126,,2
LARSEN & TOUBRO LTD,2012-03-31 00:00:00,122.48,29264.3,51567.75,38227.73,119182.26,19403.24,14913.23,8789.49,76076.3,119182.26,20651.1,4228.16,3378.58,612398899,,2
LARSEN & TOUBRO LTD,2013-03-31 00:00:00,123.08,33736.61,63144.16,45924.18,142928.03,30389.22,11350.52,8767.5,92420.79,142928.03,23011.32,5169.46,3566.14,615385981,,2
LARSEN & TOUBRO LTD,2014-03-31 00:00:00,185.38,37526.23,80845.52,50324.36,168881.49,32397.46,14178.52,8108.95,114196.56,168881.49,26384.55,5527.47,4096.57,926912700,308294600,2
LARSEN & TOUBRO LTD,2015-03-31 00:00:00,185.91,40723.16,93629.55,58727.45,193266.07,34738.06,14992.78,9612.12,133923.11,193266.07,30089.37,6508.4,5756.21,929562061,,2
LARSEN & TOUBRO LTD,2016-03-31 00:00:00,186.3,43994.06,88135.49,61774.82,194090.67,14175.7,10974.45,15465.08,153475.44,194090.67,26024.98,4854.21,5389.91,931478845,,2
LARSEN & TOUBRO LTD,2017-03-31 00:00:00,186.59,49876.73,93953.95,67553.38,211570.65,16677.11,13297.94,19753.02,161842.58,211570.65,28688.97,4139.74,5305.96,932965803,,2
LARSEN & TOUBRO LTD,2018-03-31 00:00:00,280.27,54466.47,106618.82,81873.97,243239.53,18580.19,13443.43,15311.31,195904.6,243239.53,33116.98,4847.8,8032.73,1401369456,466764755,2
LARSEN & TOUBRO LTD,2019-03-31 00:00:00,280.55,61941.05,124578.88,91235.75,278036.23,21193.94,13919.49,20907.1,222015.7,278036.23,36845.87,6413.93,11726.24,1402729385,,2
LARSEN & TOUBRO LTD,2020-03-31 00:00:00,280.78,66442.44,141769.64,98194.23,306687.09,43653.38,3311.09,20047.48,239675.14,306687.09,40731.52,5746.65,15117.78,1403892022,,2
MAHINDRA & MAHINDRA LTD,2011-03-31 00:00:00,293.62,13990.44,17047.47,19005.04,50336.57,14707.85,1408.28,4713.97,29506.47,50336.57,4210.14,5449.15,2220.57,613940109,,5
MAHINDRA & MAHINDRA LTD,2012-03-31 00:00:00,294.52,16409.29,23120.54,23623.26,63447.61,17198.27,1488.29,5347.21,39413.84,63447.61,5345.06,7157.67,3484.72,613974839,,5
MAHINDRA & MAHINDRA LTD,2013-03-31 00:00:00,295.16,19665.54,28711.05,27459.68,76131.43,18307.34,1631.2,6440.41,49752.48,76131.43,5176.97,8416.9,4936.54,590323271,,5
MAHINDRA & MAHINDRA LTD,2014-03-31 00:00:00,295.16,23011.7,35166.79,29414.94,87888.59,18380.96,2191.05,8082.35,59234.23,87888.59,5725.42,8353.54,6522.79,615892400,,5
MAHINDRA & MAHINDRA LTD,2015-03-31 00:00:00,295.7,25560.68,37911.46,30608.37,94376.21,19046.74,3032.14,10027.14,62270.19,94376.21,5476.16,8453.39,4911.83,621092384,,5
MAHINDRA & MAHINDRA LTD,2016-03-31 00:00:00,270.4,26222.25,41552.93,31806.24,99851.82,20584.71,2371.35,11602.58,65293.18,99851.82,5817.6,9116.12,4527.55,621092384,,5
MAHINDRA & MAHINDRA LTD,2017-03-31 00:00:00,310.55,29467.1,48761.91,35295.92,113835.48,20989.01,4278.94,14662.44,73905.09,113835.48,7199.26,8886.01,4654.03,621092384,,5
MAHINDRA & MAHINDRA LTD,2018-03-31 00:00:00,543.13,36232.06,55897.92,43696.2,136369.31,26181.9,4269.47,16017.61,89900.33,136369.31,8489.82,9335.57,6547.6,1243192544,621596272,5
MAHINDRA & MAHINDRA LTD,2019-03-31 00:00:00,543.96,39439.45,70848.3,51056.95,161888.66,28982.74,4759.84,18268.1,109877.98,161888.66,8677.89,12200.16,8734.91,1243192544,,5
MAHINDRA & MAHINDRA LTD,2020-03-31 00:00:00,554.28,39415.03,82567.01,43179.81,165716.13,29689.27,6856.48,19210.34,109960.04,165716.13,6928.28,11111.86,7910.9,1243192544,,5
KOTAK MAHINDRA BANK LTD,2011-03-31 00:00:00,368.44,10594.51,49386.29,13308.25,73657.49,600.42,,26048.99,47008.08,73657.49,,,2994.25,736871504,,5
KOTAK MAHINDRA BANK LTD,2012-03-31 00:00:00,370.34,12530.7,65655.41,13766.21,92322.66,615.29,,31658.43,60048.94,92322.66,,,3575.83,740689510,,5
KOTAK MAHINDRA BANK LTD,2013-03-31 00:00:00,373.3,14876.49,85561.1,15023.78,115834.67,619.9,,40907.24,74307.53,115834.67,,,4518.25,746609026,,5
KOTAK MAHINDRA BANK LTD,2014-03-31 00:00:00,385.16,18690.85,85936.89,17184.37,122197.27,1264.09,,38791.05,82142.13,122197.27,,,6643.11,770311001,,5
KOTAK MAHINDRA BANK LTD,2015-03-31 00:00:00,386.18,21767.14,104258.34,22052.09,148463.75,1384.97,,45588.89,101489.89,148463.75,,,6903.44,772352664,,5
KOTAK MAHINDRA BANK LTD,2016-03-31 00:00:00,917.19,32443.45,179678.55,27764.39,240803.58,1761.02,,70273.9,168768.66,240803.58,,,11599.41,1834382158,912841920,5
KOTAK MAHINDRA BANK LTD,2017-03-31 00:00:00,920.45,37570.39,205229.91,32466.81,276187.56,1758.62,,68461.54,205967.4,276187.56,,,25588.55,1840897877,,5
KOTAK MAHINDRA BANK LTD,2018-03-31 00:00:00,952.82,49533.24,249839.77,37394.64,337720.47,2542.89,,90976.6,244200.98,337720.47,,,24400.63,1905648506,,5
KOTAK MAHINDRA BANK LTD,2019-03-31 00:00:00,954.38,56825.35,291263.2,46128.32,395171.25,2697.46,,103487.02,288986.77,395171.25,,,31264.46,1908754827,,5
KOTAK MAHINDRA BANK LTD,2020-03-31 00:00:00,956.52,65677.6,325976.93,50561.67,443172.72,2674.72,,111196.91,329301.09,443172.72,,,64079.85,1913038338,,5
ITC LTD,2011-03-31 00:00:00,773.81,15716.09,124.54,9777,26391.44,9171.72,1367.95,4867.8,10983.97,26391.44,1086.68,5734.8,2426.87,7738144280,3826701530,1
ITC LTD,2012-03-31 00:00:00,781.84,18676.74,117.6,10509.13,30085.31,10007.42,2396.46,5206.83,12474.6,30085.31,1200.2,6426.87,3130.12,7818424300,,1
ITC LTD,2013-03-31 00:00:00,790.18,22367.72,102.38,12068.99,35329.27,12139.83,2062.03,5981.28,15146.13,35329.27,1395.76,7522.09,3828.3,7901833110,,1
ITC LTD,2014-03-31 00:00:00,795.32,26441.64,242.41,13369.04,40848.41,12921.3,3117.37,7284.02,17525.72,40848.41,2439.21,8255.24,3490.19,7953182950,,1
ITC LTD,2015-03-31 00:00:00,801.55,30933.94,268.8,13947.93,45952.22,15303.28,2700.2,6942.77,21005.97,45952.22,1982.07,8586.87,7896.22,8015519541,,1
ITC LTD,2016-03-31 00:00:00,804.72,41874.8,83.78,8888.04,51651.34,15106.63,2559.72,11747.59,22237.4,51651.34,1917.18,9062.1,6063.3,8047206991,,1
ITC LTD,2017-03-31 00:00:00,1214.74,45198.19,45.72,9439.67,55898.32,15893.48,3729.89,17581.38,18693.57,55898.32,2474.29,8116.1,2967.4,12147383071,4026657100,1
ITC LTD,2018-03-31 00:00:00,1220.43,51289.68,35.92,11694.85,64240.88,16523.96,5508.33,22052.86,20155.73,64240.88,2682.29,7495.09,2899.6,12204294911,,1
ITC LTD,2019-03-31 00:00:00,1225.86,57915.01,13.44,12584.73,71739.04,19374.19,4136.42,25043.49,23184.94,71739.04,4035.28,7859.56,4152.03,12258631601,,1
ITC LTD,2020-03-31 00:00:00,1229.22,64044.04,277.45,11760.04,77310.75,21713.34,3256.46,28663.35,23677.6,77310.75,2562.48,8879.33,7277.34,12292231241,,1
INFOSYS LTD,2011-03-31 00:00:00,286,25690,,5317,31293,5235,264,144,25650,31293,4653,,16666,571317959,,5
INFOSYS LTD,2012-03-31 00:00:00,286,31046,,7025,38357,5555,590,372,31840,38357,5882,,20591,571396401,,5
INFOSYS LTD,2013-03-31 00:00:00,286,37708,,8281,46275,7139,1140,2116,35880,46275,7083,,21832,571402566,,5
INFOSYS LTD,2014-03-31 00:00:00,286,44244,,12436,56966,8378,961,4331,43296,56966,8351,,25950,571402566,,5
INFOSYS LTD,2015-03-31 00:00:00,572,50164,,15553,66289,11346,776,2270,51897,66289,9713,,30367,1142805132,574236166,5
INFOSYS LTD,2016-03-31 00:00:00,1144,60600,,13354,75098,13386,960,1892,58860,75098,11330,,32697,2285621088,1148472332,5
INFOSYS LTD,2017-03-31 00:00:00,1144,67838,,14166,83148,14179,1365,16423,51181,83148,12322,,22625,2285655150,,5
INFOSYS LTD,2018-03-31 00:00:00,1088,63835,,14426,79349,12574,1606,12163,53006,79349,13142,,19818,2173312301,,5
INFOSYS LTD,2019-03-31 00:00:00,2170,62778,,19118,84066,15710,1388,11261,55707,84066,14827,,19568,4335954462,2184191490,5
INFOSYS LTD,2020-03-31 00:00:00,2122,63328,4633,21717,91800,23789,954,8792,58265,91800,18487,,18649,4240753210,,5
INDIAN OIL CORPORATION LTD,2011-03-31 00:00:00,2427.95,55147.26,57762.82,69263.24,184601.27,62681.32,10866.17,18646.92,92406.86,184601.27,7684.62,54906.02,1537.83,2427952482,,10
INDIAN OIL CORPORATION LTD,2012-03-31 00:00:00,2427.95,57945.35,80015.33,79437.95,219826.58,64585.9,15449.64,17587.92,122203.12,219826.58,11557.3,63851.04,821.95,2427952482,,10
INDIAN OIL CORPORATION LTD,2013-03-31 00:00:00,2427.95,60608.02,89671.12,89171.18,241878.27,66707.2,27239.97,17350.78,130580.32,241878.27,12502.05,66758.23,1219.8,2427952500,,10
INDIAN OIL CORPORATION LTD,2014-03-31 00:00:00,2427.95,65485.07,94915.88,103124.16,265953.06,69723.72,38060.91,15894.94,142273.49,265953.06,12543.56,72505.7,3704.52,2427952500,,10
INDIAN OIL CORPORATION LTD,2015-03-31 00:00:00,2427.95,66404.32,64892.9,100157.92,233883.09,72843.98,40378.07,16068.68,104592.36,233883.09,7648.35,50105.11,1224.89,2427952482,,10
INDIAN OIL CORPORATION LTD,2016-03-31 00:00:00,2369.67,87609.94,58551.5,83184.13,231715.24,95760.58,26218.99,31184.79,78550.88,231715.24,7684.5,42416.53,1050.36,2427952482,,10
INDIAN OIL CORPORATION LTD,2017-03-31 00:00:00,4739.34,97356.76,63270.62,108351.95,273718.67,112030.69,16778.4,43687.24,101222.34,273718.67,9017.41,65881.69,409.75,4855904964,,10
INDIAN OIL CORPORATION LTD,2018-03-31 00:00:00,9478.69,104395.13,65650.26,116335.88,295859.96,119937.01,19130.38,44806.05,111986.52,295859.96,10696.48,70752.16,496.31,9711809928,4855904964,10
INDIAN OIL CORPORATION LTD,2019-03-31 00:00:00,9181.04,103288.2,96765.04,126128.23,335362.51,127223.21,28280.74,44112.25,135746.31,335362.51,15807.53,77332.17,1060.97,9414158922,,10
INDIAN OIL CORPORATION LTD,2020-03-31 00:00:00,9181.04,86216.87,129790.33,104773.47,329961.71,141593.9,32844.84,35570.87,119952.1,329961.71,13259.48,67235.64,2296.01,9414158922,,10
