COMPANY NAME,Report Date,Cash from Operating Activity,Cash from Investing Activity,Cash from Financing Activity,Net Cash Flow
INDUSIND BANK LTD,2011-03-31 00:00:00,609.1,-21.32,833.64,1421.42
INDUSIND BANK LTD,2012-03-31 00:00:00,-840.38,-140.72,2496.12,1515.02
INDUSIND BANK LTD,2013-03-31 00:00:00,-485.76,-173.98,1968.85,1309.11
INDUSIND BANK LTD,2014-03-31 00:00:00,-4105.76,-173.7,4200.17,-79.29
INDUSIND BANK LTD,2015-03-31 00:00:00,-1421.06,-276.16,5706.92,4009.7
INDUSIND BANK LTD,2016-03-31 00:00:00,-2926.93,-257.51,2517.17,-667.27
INDUSIND BANK LTD,2017-03-31 00:00:00,11569.3,-284.67,-2768.25,8516.38
INDUSIND BANK LTD,2018-03-31 00:00:00,-20700.44,-217.04,15505.11,-5412.38
INDUSIND BANK LTD,2019-03-31 00:00:00,-6388.95,-633.18,8589.65,1567.52
INDUSIND BANK LTD,2020-03-31 00:00:00,-12038.66,526.22,12732.7,1220.25
ICICI BANK LTD,2011-03-31 00:00:00,-3637.66,-4778.42,657.22,-7758.86
ICICI BANK LTD,2012-03-31 00:00:00,-6405.37,-21262.9,29439.3,1771.03
ICICI BANK LTD,2013-03-31 00:00:00,17493.98,-18562.6,9283.19,8214.57
ICICI BANK LTD,2014-03-31 00:00:00,6764.79,-15749.71,7872.29,-1112.63
ICICI BANK LTD,2015-03-31 00:00:00,-12273.14,-13175.12,24827.2,-621.06
ICICI BANK LTD,2016-03-31 00:00:00,23645.32,-12060.44,5813.91,17398.8
ICICI BANK LTD,2017-03-31 00:00:00,52635.53,-1711.1,-35469.54,15454.9
ICICI BANK LTD,2018-03-31 00:00:00,19382.93,-50550.64,39675.97,8508.26
ICICI BANK LTD,2019-03-31 00:00:00,48671.05,-30281.86,-19997.43,-1608.24
ICICI BANK LTD,2020-03-31 00:00:00,79564.75,-42094.9,2992.18,40462.03
HINDUSTAN UNILEVER LTD,2011-03-31 00:00:00,1923.61,-327.13,-2283.18,-686.7
HINDUSTAN UNILEVER LTD,2012-03-31 00:00:00,2931.51,-514.34,-1725.58,691.59
HINDUSTAN UNILEVER LTD,2013-03-31 00:00:00,3604.76,63.07,-4147.41,-479.58
HINDUSTAN UNILEVER LTD,2014-03-31 00:00:00,3818.18,-475.04,-2960.29,382.85
HINDUSTAN UNILEVER LTD,2015-03-31 00:00:00,3291.91,137.97,-3462.42,-32.54
HINDUSTAN UNILEVER LTD,2016-03-31 00:00:00,4171,-282,-3864,25
HINDUSTAN UNILEVER LTD,2017-03-31 00:00:00,5185,-1173,-4214,-202
HINDUSTAN UNILEVER LTD,2018-03-31 00:00:00,6059,-1063,-4975,21
HINDUSTAN UNILEVER LTD,2019-03-31 00:00:00,5800,-438,-5390,-28
HINDUSTAN UNILEVER LTD,2020-03-31 00:00:00,7623,1791,-6819,2595
HERO MOTOCORP LTD,,,,,
HERO MOTOCORP LTD,,,,,
HERO MOTOCORP LTD,,,,,
HERO MOTOCORP LTD,2014-03-31 00:00:00,2963.02,-1615.5,-1413.73,-66.21
HERO MOTOCORP LTD,2015-03-31 00:00:00,2185.51,31.38,-2131.13,85.76
HERO MOTOCORP LTD,2016-03-31 00:00:00,3722.37,-2300.18,-1474.73,-52.54
HERO MOTOCORP LTD,2017-03-31 00:00:00,4007.18,-1971.95,-2035.86,-0.63
HERO MOTOCORP LTD,2018-03-31 00:00:00,4017.21,-1858.21,-2102.45,56.55
HERO MOTOCORP LTD,2019-03-31 00:00:00,1032.28,1297.63,-2252.4,77.51
HERO MOTOCORP LTD,2020-03-31 00:00:00,5518.13,-2819.14,-2601.8,97.19
HINDALCO INDUSTRIES LTD,2011-03-31 00:00:00,6226.02,-7049.7,825.32,1.64
HINDALCO INDUSTRIES LTD,2012-03-31 00:00:00,7547.02,-13220.26,6237.05,563.81
HINDALCO INDUSTRIES LTD,2013-03-31 00:00:00,2977.47,-13800.69,10277.9,-545.32
HINDALCO INDUSTRIES LTD,2014-03-31 00:00:00,7955.72,-8095.39,1492.59,1352.92
HINDALCO INDUSTRIES LTD,2015-03-31 00:00:00,7143.08,-3872.65,-2437.08,833.35
HINDALCO INDUSTRIES LTD,2016-03-31 00:00:00,11687.74,-3220.06,-8861.85,-394.17
HINDALCO INDUSTRIES LTD,2017-03-31 00:00:00,12687.47,-2875.95,-5552.27,4259.25
HINDALCO INDUSTRIES LTD,2018-03-31 00:00:00,10897.68,5333.27,-16412.4,-181.45
HINDALCO INDUSTRIES LTD,2019-03-31 00:00:00,11977,-5456,-5466,1055
HINDALCO INDUSTRIES LTD,2020-03-31 00:00:00,12665,-7101,6610,12174
HDFC LIFE INSURANCE COMPANY LTD,,,,,
HDFC LIFE INSURANCE COMPANY LTD,,,,,
HDFC LIFE INSURANCE COMPANY LTD,2013-03-31 00:00:00,,,,
HDFC LIFE INSURANCE COMPANY LTD,2014-03-31 00:00:00,,,,
HDFC LIFE INSURANCE COMPANY LTD,2015-03-31 00:00:00,4459.49,-3514.47,-167.56,777.46
HDFC LIFE INSURANCE COMPANY LTD,2016-03-31 00:00:00,5687.45,-3962.02,-212.43,1513
HDFC LIFE INSURANCE COMPANY LTD,2017-03-31 00:00:00,6230.24,-5177.27,-235.58,817.39
HDFC LIFE INSURANCE COMPANY LTD,2018-03-31 00:00:00,6739.28,-4420.91,-196.35,2122.03
HDFC LIFE INSURANCE COMPANY LTD,2019-03-31 00:00:00,9868.3,-10182.02,-337.17,-650.89
HDFC LIFE INSURANCE COMPANY LTD,2020-03-31 00:00:00,7378.33,-7789.01,37.97,-372.71
HDFC BANK LTD,2011-03-31 00:00:00,-960.21,-553.47,1273.77,-239.91
HDFC BANK LTD,2012-03-31 00:00:00,-19381.24,-661.85,11379.97,-8663.12
HDFC BANK LTD,2013-03-31 00:00:00,-5847.33,-901.92,13105.25,6356
HDFC BANK LTD,2014-03-31 00:00:00,4210.63,-1098.52,9270.15,12382.26
HDFC BANK LTD,2015-03-31 00:00:00,-21280.98,-799.9,18693.87,-3387.01
HDFC BANK LTD,2016-03-31 00:00:00,-34435.37,-837.31,37815.13,2542.46
HDFC BANK LTD,2017-03-31 00:00:00,17281.59,-1146.38,-5892.97,10242.24
HDFC BANK LTD,2018-03-31 00:00:00,17214.38,-841.6,57377.66,73750.44
HDFC BANK LTD,2019-03-31 00:00:00,-62871.54,-1503.06,23130.69,-41243.91
HDFC BANK LTD,2020-03-31 00:00:00,-16869.09,-1402.94,24394.5,6122.47
GRASIM INDUSTRIES LTD,2011-03-31 00:00:00,3546.31,-3203.67,-295.1,47.54
GRASIM INDUSTRIES LTD,2012-03-31 00:00:00,4349.8,-3628.89,-678.85,42.06
GRASIM INDUSTRIES LTD,2013-03-31 00:00:00,4241.68,-5686.83,1347.73,-97.42
GRASIM INDUSTRIES LTD,2014-03-31 00:00:00,3549.29,-2335.5,-1046.28,167.51
GRASIM INDUSTRIES LTD,2015-03-31 00:00:00,4594.14,-2358.65,-2277.98,-42.49
GRASIM INDUSTRIES LTD,2016-03-31 00:00:00,5868.36,-4515.15,-1364.57,-11.36
GRASIM INDUSTRIES LTD,2017-03-31 00:00:00,7287.8,-3508.76,-3798.56,-19.52
GRASIM INDUSTRIES LTD,2018-03-31 00:00:00,-4139.9,1546.33,3449.07,855.5
GRASIM INDUSTRIES LTD,2019-03-31 00:00:00,-1658.58,-2212.37,4157.99,287.04
GRASIM INDUSTRIES LTD,2020-03-31 00:00:00,16666.05,-11631.62,-3185.32,1849.11
HOUSING DEVELOPMENT FINANCE CORPORATION LTD,2011-03-31 00:00:00,-11402.29,-7856.56,19800.75,541.9
HOUSING DEVELOPMENT FINANCE CORPORATION LTD,2012-03-31 00:00:00,-17534.34,-6274.63,23193.93,-615.04
HOUSING DEVELOPMENT FINANCE CORPORATION LTD,2013-03-31 00:00:00,-11969.28,-10212.34,23173.97,992.35
HOUSING DEVELOPMENT FINANCE CORPORATION LTD,2014-03-31 00:00:00,-10734.9,-12983.44,25718.53,2000.19
HOUSING DEVELOPMENT FINANCE CORPORATION LTD,2015-03-31 00:00:00,-9118.19,-18552.12,24820.38,-2849.93
HOUSING DEVELOPMENT FINANCE CORPORATION LTD,2016-03-31 00:00:00,-19710.41,-9308.58,29110.59,91.6
HOUSING DEVELOPMENT FINANCE CORPORATION LTD,2017-03-31 00:00:00,-14173.09,-27235.77,43127.31,1718.45
HOUSING DEVELOPMENT FINANCE CORPORATION LTD,2018-03-31 00:00:00,-57928.02,-7953.65,63344.1,-2537.57
HOUSING DEVELOPMENT FINANCE CORPORATION LTD,2019-03-31 00:00:00,-44301.41,-10315.61,54985.63,368.61
HOUSING DEVELOPMENT FINANCE CORPORATION LTD,2020-03-31 00:00:00,-26885.01,-9873.65,38773.81,2015.15
HCL TECHNOLOGIES LTD,2011-06-30 00:00:00,1796.47,-689.93,-1054.29,52.25
HCL TECHNOLOGIES LTD,2012-06-30 00:00:00,2418.08,-1026.27,-1238.84,152.97
HCL TECHNOLOGIES LTD,2013-06-30 00:00:00,4491.65,-2361.47,-2086.15,44.03
HCL TECHNOLOGIES LTD,2014-06-30 00:00:00,6456.78,-4842.28,-1307.97,306.53
HCL TECHNOLOGIES LTD,2015-06-30 00:00:00,5539.2,-2087.57,-3140.34,311.29
HCL TECHNOLOGIES LTD,2016-03-31 00:00:00,3822.62,-2208.43,-2237.09,-622.9
HCL TECHNOLOGIES LTD,2017-03-31 00:00:00,8995,-3890,-4517,588
HCL TECHNOLOGIES LTD,2018-03-31 00:00:00,8328,-2236,-5714,378
HCL TECHNOLOGIES LTD,2019-03-31 00:00:00,8971,-3256,-1471,4244
HCL TECHNOLOGIES LTD,2020-03-31 00:00:00,13359,-12332,-3168,-2141
GAIL (INDIA) LTD,2011-03-31 00:00:00,4608.34,-7035.81,463.19,-1964.28
GAIL (INDIA) LTD,2012-03-31 00:00:00,5111.31,-9443.11,3193.67,-1138.13
GAIL (INDIA) LTD,2013-03-31 00:00:00,6603.04,-8626.34,3641.7,1618.4
GAIL (INDIA) LTD,2014-03-31 00:00:00,4615.18,-4466.1,-2.59,146.49
GAIL (INDIA) LTD,2015-03-31 00:00:00,4214.12,-2808.51,-3058.47,-1652.86
GAIL (INDIA) LTD,2016-03-31 00:00:00,3960.36,-903.73,-3027.6,29.03
GAIL (INDIA) LTD,2017-03-31 00:00:00,6024.26,-334.04,-5275.39,414.83
GAIL (INDIA) LTD,2018-03-31 00:00:00,8768.71,-2659.53,-5251.62,857.56
GAIL (INDIA) LTD,2019-03-31 00:00:00,7984.2,-5700.53,-3364.28,-1080.61
GAIL (INDIA) LTD,2020-03-31 00:00:00,8345.36,-8299.08,281.22,327.5
EICHER MOTORS LTD,2010-12-31 00:00:00,335.95,-192.05,-68.87,75.03
EICHER MOTORS LTD,2011-12-31 00:00:00,404.99,-338.01,-113.68,-46.7
EICHER MOTORS LTD,2012-12-31 00:00:00,496.04,-773.18,-110.87,-388.01
EICHER MOTORS LTD,2013-12-31 00:00:00,716.2,-789.79,-47.35,-120.94
EICHER MOTORS LTD,2014-12-31 00:00:00,1047.47,-1214.48,-162.23,-329.24
EICHER MOTORS LTD,2016-03-31 00:00:00,1463.08,-1001.4,-465.52,-3.84
EICHER MOTORS LTD,2017-03-31 00:00:00,1707.97,-1743.58,25.29,-10.32
EICHER MOTORS LTD,2018-03-31 00:00:00,2482.25,-2145.02,-262.01,75.22
EICHER MOTORS LTD,2019-03-31 00:00:00,1575.47,-659.88,-292.3,623.29
EICHER MOTORS LTD,2020-03-31 00:00:00,1694.13,-1508.41,-858.26,-672.54
DR REDDY'S LABORATORIES LTD,2011-03-31 00:00:00,755.4,-884.8,44.5,-84.9
DR REDDY'S LABORATORIES LTD,2012-03-31 00:00:00,1612.6,-970.7,389.1,1031
DR REDDY'S LABORATORIES LTD,2013-03-31 00:00:00,1377.9,-1436.9,-156.8,-215.8
DR REDDY'S LABORATORIES LTD,2014-03-31 00:00:00,1969.7,-1603.5,-24.2,342
DR REDDY'S LABORATORIES LTD,2015-03-31 00:00:00,2523.5,-2369.8,-433.2,-279.5
DR REDDY'S LABORATORIES LTD,2016-03-31 00:00:00,3262.6,-1609.9,-1700.1,-47.4
DR REDDY'S LABORATORIES LTD,2017-03-31 00:00:00,2144.4,-1889.6,-369.1,-114.3
DR REDDY'S LABORATORIES LTD,2018-03-31 00:00:00,1803,-1482.6,-444,-123.6
DR REDDY'S LABORATORIES LTD,2019-03-31 00:00:00,2870.4,-769.2,-2132.6,-31.4
DR REDDY'S LABORATORIES LTD,2020-03-31 00:00:00,2984.1,-494.8,-2515.9,-26.6
COAL INDIA LTD,2011-03-31 00:00:00,8704.48,1040.26,-3016.51,6728.23
COAL INDIA LTD,2012-03-31 00:00:00,19887.87,-10410.37,-7382.13,2095.37
COAL INDIA LTD,2013-03-31 00:00:00,9109.41,-1832.73,-7851.94,-575.26
COAL INDIA LTD,2014-03-31 00:00:00,14524.69,8579.76,-25350.25,-2245.8
COAL INDIA LTD,2015-03-31 00:00:00,14381.53,894.3,-15025.71,250.12
COAL INDIA LTD,2016-03-31 00:00:00,13153.77,8154.09,-19587.35,1720.51
COAL INDIA LTD,2017-03-31 00:00:00,16460.84,454.64,-17597.97,-682.49
COAL INDIA LTD,2018-03-31 00:00:00,21114.92,-7746.94,-13564.22,-196.24
COAL INDIA LTD,2019-03-31 00:00:00,16355.52,-7896.46,-10884.84,-2425.78
COAL INDIA LTD,2020-03-31 00:00:00,4146.54,332.41,-6950.16,-2471.21
DIVI'S LABORATORIES LTD,2011-03-31 00:00:00,326.55,-221.3,-104.16,1.09
DIVI'S LABORATORIES LTD,2012-03-31 00:00:00,338.36,-204.41,-131.11,2.84
DIVI'S LABORATORIES LTD,2013-03-31 00:00:00,479.97,-254.54,-230.76,-5.33
DIVI'S LABORATORIES LTD,2014-03-31 00:00:00,556.75,-305.15,-248.5,3.1
DIVI'S LABORATORIES LTD,2015-03-31 00:00:00,826.33,-520.84,-302.95,2.54
DIVI'S LABORATORIES LTD,2016-03-31 00:00:00,1037.86,-406.41,-631.12,0.33
DIVI'S LABORATORIES LTD,2017-03-31 00:00:00,1150.37,-1139.6,2.38,13.15
DIVI'S LABORATORIES LTD,2018-03-31 00:00:00,775.86,-478.3,-314.16,-16.6
DIVI'S LABORATORIES LTD,2019-03-31 00:00:00,954.3,-685.4,-245.94,22.96
DIVI'S LABORATORIES LTD,2020-03-31 00:00:00,1215.94,-83.47,-1091.42,41.05
CIPLA LTD,2011-03-31 00:00:00,1025.1,-908.39,-82.8,33.91
CIPLA LTD,2012-03-31 00:00:00,1712.76,-965.1,-753.17,-5.51
CIPLA LTD,2013-03-31 00:00:00,1397.67,-2062.89,717.77,52.55
CIPLA LTD,2014-03-31 00:00:00,1563.31,-1264.93,-265.63,32.75
CIPLA LTD,2015-03-31 00:00:00,1173.43,-949.71,164.78,388.5
CIPLA LTD,2016-03-31 00:00:00,1740.81,-4532.56,3104.06,312.31
CIPLA LTD,2017-03-31 00:00:00,2381.76,-1303.88,-1325.68,-247.8
CIPLA LTD,2018-03-31 00:00:00,1462.76,-834.17,-385.48,243.11
CIPLA LTD,2019-03-31 00:00:00,1691.15,-1687.53,-348.72,-345.1
CIPLA LTD,2020-03-31 00:00:00,3068.45,114.39,-2948.82,234.02
BHARTI AIRTEL LTD,2011-03-31 00:00:00,18851.3,-60461.9,39715.3,-1895.3
BHARTI AIRTEL LTD,2012-03-31 00:00:00,22593.1,-18379.5,-4010.7,202.9
BHARTI AIRTEL LTD,2013-03-31 00:00:00,22607.5,-18676.1,-4565.5,-634.1
BHARTI AIRTEL LTD,2014-03-31 00:00:00,26232.6,-25180.6,2774.4,3826.4
BHARTI AIRTEL LTD,2015-03-31 00:00:00,28059,-22301.1,-9672.4,-3914.5
BHARTI AIRTEL LTD,2016-03-31 00:00:00,27942.3,-14091.4,-11946.1,1904.8
BHARTI AIRTEL LTD,2017-03-31 00:00:00,28279.9,-30680,-351.4,-2751.5
BHARTI AIRTEL LTD,2018-03-31 00:00:00,29853.8,-27939.5,1920.5,3834.8
BHARTI AIRTEL LTD,2019-03-31 00:00:00,20070.2,-28285.6,9463.8,1248.4
BHARTI AIRTEL LTD,2020-03-31 00:00:00,18128.7,-29598.5,19144.4,7674.6
BAJAJ FINSERV LTD,2011-03-31 00:00:00,239.4,-3010.92,3289.08,517.56
BAJAJ FINSERV LTD,2012-03-31 00:00:00,-3848.57,-887.31,3803.09,-932.79
BAJAJ FINSERV LTD,2013-03-31 00:00:00,-6921.7,2952.71,4592.48,623.49
BAJAJ FINSERV LTD,2014-03-31 00:00:00,-9807.38,3763.94,6521.46,478.02
BAJAJ FINSERV LTD,2015-03-31 00:00:00,-10731.11,3709.28,6838.77,-183.06
BAJAJ FINSERV LTD,2016-03-31 00:00:00,-9795.15,-885.83,11601.63,920.65
BAJAJ FINSERV LTD,2017-03-31 00:00:00,-10922.24,151.3,12512.74,1741.8
BAJAJ FINSERV LTD,2018-03-31 00:00:00,-19580.16,-921.5,19590.17,-911.49
BAJAJ FINSERV LTD,2019-03-31 00:00:00,-27076.37,-6903.41,34534.82,555.04
BAJAJ FINSERV LTD,2020-03-31 00:00:00,-23369.03,-9948,34479.35,1162.32
BRITANNIA INDUSTRIES LTD,2011-03-31 00:00:00,296.46,-117.85,-165.8,12.81
BRITANNIA INDUSTRIES LTD,2012-03-31 00:00:00,246.12,-64.78,-168.41,12.93
BRITANNIA INDUSTRIES LTD,2013-03-31 00:00:00,319.8,28.18,-378.15,-30.17
BRITANNIA INDUSTRIES LTD,2014-03-31 00:00:00,671.48,-245.64,-357.34,68.5
BRITANNIA INDUSTRIES LTD,2015-03-31 00:00:00,584.46,-450.3,-181.37,-47.21
BRITANNIA INDUSTRIES LTD,2016-03-31 00:00:00,959.23,-705.2,-246.18,7.85
BRITANNIA INDUSTRIES LTD,2017-03-31 00:00:00,441.28,-149.85,-295.08,-3.65
BRITANNIA INDUSTRIES LTD,2018-03-31 00:00:00,1248.77,-956.52,-231.75,60.5
BRITANNIA INDUSTRIES LTD,2019-03-31 00:00:00,1155.78,-852.22,-352.68,-49.12
BRITANNIA INDUSTRIES LTD,2020-03-31 00:00:00,1484.53,-1525.93,57.94,16.54
BAJAJ FINANCE LTD,,,,,
BAJAJ FINANCE LTD,,,,,
BAJAJ FINANCE LTD,,,,,
BAJAJ FINANCE LTD,,,,,
BAJAJ FINANCE LTD,2015-03-31 00:00:00,-7064.17,-360.06,6867.08,-557.15
BAJAJ FINANCE LTD,2016-03-31 00:00:00,-9869.67,-686.82,11656.2,1099.71
BAJAJ FINANCE LTD,2017-03-31 00:00:00,-10438.95,-3046.76,12513.43,-972.28
BAJAJ FINANCE LTD,2018-03-31 00:00:00,-20565.59,1075.43,19503.35,13.19
BAJAJ FINANCE LTD,2019-03-31 00:00:00,-29061.53,-5378.93,34449.31,8.85
BAJAJ FINANCE LTD,2020-03-31 00:00:00,-24426.18,-8756.88,34180.56,997.5
BHARAT PETROLEUM CORPORATION LTD,2011-03-31 00:00:00,3676.11,-452.54,-176.62,3046.95
BHARAT PETROLEUM CORPORATION LTD,2012-03-31 00:00:00,1906.69,-2275.85,-4378.71,-4747.87
BHARAT PETROLEUM CORPORATION LTD,2013-03-31 00:00:00,5926.33,-3603.96,-845.98,1476.39
BHARAT PETROLEUM CORPORATION LTD,2014-03-31 00:00:00,9588.08,-6880.64,-3736.05,-1028.61
BHARAT PETROLEUM CORPORATION LTD,2015-03-31 00:00:00,20741.65,-10535.63,-9792,414.02
BHARAT PETROLEUM CORPORATION LTD,2016-03-31 00:00:00,11119.04,-9232.69,-1331.57,554.78
BHARAT PETROLEUM CORPORATION LTD,2017-03-31 00:00:00,9041.11,-15273.94,4803.96,-1428.87
BHARAT PETROLEUM CORPORATION LTD,2018-03-31 00:00:00,11068.37,-7065.51,-4217.73,-214.87
BHARAT PETROLEUM CORPORATION LTD,2019-03-31 00:00:00,10157.15,-10451.17,207.04,-86.98
BHARAT PETROLEUM CORPORATION LTD,2020-03-31 00:00:00,7973.46,-11227.56,3583.21,329.11
BAJAJ AUTO LTD,2011-03-31 00:00:00,1639.37,-627.03,-870.93,141.41
BAJAJ AUTO LTD,2012-03-31 00:00:00,3246.27,-849.78,-1462.36,934.13
BAJAJ AUTO LTD,2013-03-31 00:00:00,2218.3,-1394.43,-1444.69,-620.82
BAJAJ AUTO LTD,2014-03-31 00:00:00,3501.71,-2072.26,-1495.69,-66.24
BAJAJ AUTO LTD,2015-03-31 00:00:00,2113.8,-379.66,-1644.18,89.96
BAJAJ AUTO LTD,2016-03-31 00:00:00,3689.85,-67.52,-3384.08,238.25
BAJAJ AUTO LTD,2017-03-31 00:00:00,3267.36,-3609.68,-190.09,-532.41
BAJAJ AUTO LTD,2018-03-31 00:00:00,4327.84,-1954.48,-1885.26,488.1
BAJAJ AUTO LTD,2019-03-31 00:00:00,2486.86,-272.77,-2074.05,140.04
BAJAJ AUTO LTD,2020-03-31 00:00:00,3850.44,1765.83,-6246.51,-630.24
ADANI PORTS & SPECIAL ECONOMIC ZONE LTD,2011-03-31 00:00:00,1209.28,-970.39,-527.93,-289.04
ADANI PORTS & SPECIAL ECONOMIC ZONE LTD,2012-03-31 00:00:00,1199.71,-13876.03,12976.29,299.97
ADANI PORTS & SPECIAL ECONOMIC ZONE LTD,2013-03-31 00:00:00,1379.1,-5135.73,4137.69,381.06
ADANI PORTS & SPECIAL ECONOMIC ZONE LTD,2014-03-31 00:00:00,1131.9,-2510.03,772.5,-605.63
ADANI PORTS & SPECIAL ECONOMIC ZONE LTD,2015-03-31 00:00:00,3057.07,-2485.22,-236.53,335.32
ADANI PORTS & SPECIAL ECONOMIC ZONE LTD,2016-03-31 00:00:00,2380.52,-4153.16,2170.41,397.77
ADANI PORTS & SPECIAL ECONOMIC ZONE LTD,2017-03-31 00:00:00,4062.57,-2629.15,-1324.71,108.71
ADANI PORTS & SPECIAL ECONOMIC ZONE LTD,2018-03-31 00:00:00,5608.14,-3845.84,-1889.03,-126.73
ADANI PORTS & SPECIAL ECONOMIC ZONE LTD,2019-03-31 00:00:00,6029.4,-4368.03,2313.34,3974.71
ADANI PORTS & SPECIAL ECONOMIC ZONE LTD,2020-03-31 00:00:00,7401.81,-748.91,-4255.63,2397.27
ASIAN PAINTS LTD,2011-03-31 00:00:00,762.46,-439.21,-334.49,-11.24
ASIAN PAINTS LTD,2012-03-31 00:00:00,709.98,-385.61,-326.58,-2.21
ASIAN PAINTS LTD,2013-03-31 00:00:00,1186.79,-463.2,-601,122.59
ASIAN PAINTS LTD,2014-03-31 00:00:00,1402.03,-585.99,-625.91,190.13
ASIAN PAINTS LTD,2015-03-31 00:00:00,1187.69,-464.99,-576.09,146.61
ASIAN PAINTS LTD,2016-03-31 00:00:00,2242.95,-866.21,-848.98,527.76
ASIAN PAINTS LTD,2017-03-31 00:00:00,1527.33,-681.11,-756.43,89.79
ASIAN PAINTS LTD,2018-03-31 00:00:00,2113.44,-1556.14,-1379.14,-821.84
ASIAN PAINTS LTD,2019-03-31 00:00:00,2469.54,-917.79,-1117.46,434.29
ASIAN PAINTS LTD,2020-03-31 00:00:00,2631.89,-517.91,-2465.2,-351.22
AXIS BANK LTD,2011-03-31 00:00:00,11327.68,-13894.48,8769.57,6202.77
AXIS BANK LTD,2012-03-31 00:00:00,-9904.28,-4840.34,7270.19,-7474.43
AXIS BANK LTD,2013-03-31 00:00:00,2573.38,-10939.09,14931.4,6565.69
AXIS BANK LTD,2014-03-31 00:00:00,14463.6,-14165.88,7784.52,8082.24
AXIS BANK LTD,2015-03-31 00:00:00,-15162.5,-7972.38,31044.82,7909.94
AXIS BANK LTD,2016-03-31 00:00:00,-34494.68,9210.7,22494.69,-2789.29
AXIS BANK LTD,2017-03-31 00:00:00,32208.62,-12458.4,-2486.91,17263.31
AXIS BANK LTD,2018-03-31 00:00:00,-38390.3,-10007.1,41342.09,-7055.3
AXIS BANK LTD,2019-03-31 00:00:00,37125.25,-18674.35,5642.6,24093.5
AXIS BANK LTD,2020-03-31 00:00:00,30415.64,-9485.3,8865.13,29795.47
ULTRATECH CEMENT LTD,2011-03-31 00:00:00,1993.12,-2167.94,253.42,78.6
ULTRATECH CEMENT LTD,2012-03-31 00:00:00,3427.03,-3049.91,-353.12,24
ULTRATECH CEMENT LTD,2013-03-31 00:00:00,3617.58,-4361.94,714.86,-29.5
ULTRATECH CEMENT LTD,2014-03-31 00:00:00,3454.52,-2342.02,-948.8,163.7
ULTRATECH CEMENT LTD,2015-03-31 00:00:00,4190.18,-2143.76,-2109.82,-63.4
ULTRATECH CEMENT LTD,2016-03-31 00:00:00,4525.51,-3673.35,-844.02,8.14
ULTRATECH CEMENT LTD,2017-03-31 00:00:00,5005.02,-2501.44,-2534.98,-31.4
ULTRATECH CEMENT LTD,2018-03-31 00:00:00,3887.72,1865.72,-5735.05,18.39
ULTRATECH CEMENT LTD,2019-03-31 00:00:00,5956.11,1165.18,-6757.24,364.05
ULTRATECH CEMENT LTD,2020-03-31 00:00:00,8902.02,-4205.6,-4991.13,-294.71
WIPRO LTD,2011-03-31 00:00:00,4044.4,-1671.6,-2746.5,-373.7
WIPRO LTD,2012-03-31 00:00:00,4008.9,-637.6,-1718.8,1652.5
WIPRO LTD,2013-03-31 00:00:00,6394.1,-4536.5,-1140.4,717.2
WIPRO LTD,2014-03-31 00:00:00,6790,-284.2,-3569.5,2936.3
WIPRO LTD,2015-03-31 00:00:00,7840.4,-2536.8,-829.7,4473.9
WIPRO LTD,2016-03-31 00:00:00,7887.3,-13760.7,-158.7,-6032.1
WIPRO LTD,2017-03-31 00:00:00,9277.3,-11769.5,-2275.2,-4767.4
WIPRO LTD,2018-03-31 00:00:00,8423.3,3595.3,-12997.8,-979.2
WIPRO LTD,2019-03-31 00:00:00,11631.6,5065.2,-4936.9,11759.9
WIPRO LTD,2020-03-31 00:00:00,10064.3,3593.4,-15099.8,-1442.1
UPL LTD,2011-03-31 00:00:00,814.82,-895.07,-16.7,-96.95
UPL LTD,2012-03-31 00:00:00,161.96,-679.56,-178.2,-695.8
UPL LTD,2013-03-31 00:00:00,1699.23,-764.91,-71.99,862.33
UPL LTD,2014-03-31 00:00:00,1440.8,-427.46,-1680,-666.66
UPL LTD,2015-03-31 00:00:00,1409.02,-462.6,-991.32,-44.9
UPL LTD,2016-03-31 00:00:00,1396,-1734,469,131
UPL LTD,2017-03-31 00:00:00,2585,-1022,140,1703
UPL LTD,2018-03-31 00:00:00,2839,-2059,-801,-21
UPL LTD,2019-03-31 00:00:00,2356,-31282,28893,-33
UPL LTD,2020-03-31 00:00:00,8739,-2666,-2175,3898
TITAN COMPANY LTD,2011-03-31 00:00:00,1053.32,-24.96,-116.84,911.52
TITAN COMPANY LTD,2012-03-31 00:00:00,162.63,-69.85,-234.93,-142.15
TITAN COMPANY LTD,2013-03-31 00:00:00,552.96,-141.74,-235.62,175.6
TITAN COMPANY LTD,2014-03-31 00:00:00,-554.72,-271.24,497.38,-328.58
TITAN COMPANY LTD,2015-03-31 00:00:00,502.6,-118.03,-1004.65,-620.08
TITAN COMPANY LTD,2016-03-31 00:00:00,576.09,-158.79,-504.84,-87.54
TITAN COMPANY LTD,2017-03-31 00:00:00,1712.3,-953.15,-165.6,593.55
TITAN COMPANY LTD,2018-03-31 00:00:00,-51.12,97.62,-252.45,-205.95
TITAN COMPANY LTD,2019-03-31 00:00:00,1242.92,-796.61,-488.83,-42.52
TITAN COMPANY LTD,2020-03-31 00:00:00,-347.41,235.04,-241.67,-354.04
TATA MOTORS LTD,2011-03-31 00:00:00,11240.15,-7023.41,-1401.29,2815.45
TATA MOTORS LTD,2012-03-31 00:00:00,18384.32,-19463.89,6567.18,5487.61
TATA MOTORS LTD,2013-03-31 00:00:00,22162.61,-22969.45,-1692.08,-2498.92
TATA MOTORS LTD,2014-03-31 00:00:00,36151.16,-27990.91,-3883.24,4277.01
TATA MOTORS LTD,2015-03-31 00:00:00,35531.26,-36232.35,5201.44,4500.35
TATA MOTORS LTD,2016-03-31 00:00:00,37899.54,-36693.9,-3795.12,-2589.48
TATA MOTORS LTD,2017-03-31 00:00:00,30199.25,-39571.4,6205.3,-3166.85
TATA MOTORS LTD,2018-03-31 00:00:00,23857.42,-25139.14,2011.71,729.99
TATA MOTORS LTD,2019-03-31 00:00:00,18890.75,-20878.07,8830.37,6843.05
TATA MOTORS LTD,2020-03-31 00:00:00,26632.94,-33114.55,3389.61,-3092
TATA CONSULTANCY SERVICES LTD,2011-03-31 00:00:00,6614.38,-1431.26,-4658.9,524.22
TATA CONSULTANCY SERVICES LTD,2012-03-31 00:00:00,7127.44,-2727.45,-3955.09,444.9
TATA CONSULTANCY SERVICES LTD,2013-03-31 00:00:00,11614.96,-6037.61,-5729.48,-152.13
TATA CONSULTANCY SERVICES LTD,2014-03-31 00:00:00,14751.41,-9451.67,-5673.24,-373.5
TATA CONSULTANCY SERVICES LTD,2015-03-31 00:00:00,19368.78,-1807.14,-17167.61,394.03
TATA CONSULTANCY SERVICES LTD,2016-03-31 00:00:00,19109,-5010,-9666,4433
TATA CONSULTANCY SERVICES LTD,2017-03-31 00:00:00,25223,-16895,-11026,-2698
TATA CONSULTANCY SERVICES LTD,2018-03-31 00:00:00,25067,3104,-26885,1286
TATA CONSULTANCY SERVICES LTD,2019-03-31 00:00:00,28593,1645,-27897,2341
TATA CONSULTANCY SERVICES LTD,2020-03-31 00:00:00,32369,8968,-39915,1422
TECH MAHINDRA LTD,2011-03-31 00:00:00,463.7,-133.4,-286.7,43.6
TECH MAHINDRA LTD,2012-03-31 00:00:00,711.7,-420.3,-317.4,-26
TECH MAHINDRA LTD,2013-03-31 00:00:00,854.8,-621.8,65.2,298.2
TECH MAHINDRA LTD,2014-03-31 00:00:00,1596.2,290.9,-972.3,914.8
TECH MAHINDRA LTD,2015-03-31 00:00:00,2447.9,-1865.2,-829,-246.3
TECH MAHINDRA LTD,2016-03-31 00:00:00,3137,-1453.2,-496.1,1187.7
TECH MAHINDRA LTD,2017-03-31 00:00:00,4071.4,-2893,-1570.9,-392.5
TECH MAHINDRA LTD,2018-03-31 00:00:00,3553.5,-3319.3,-269.4,-35.2
TECH MAHINDRA LTD,2019-03-31 00:00:00,4432,-2104.2,-2251.2,76.6
TECH MAHINDRA LTD,2020-03-31 00:00:00,4358.1,1081.4,-4465.5,974
SBI LIFE INSURANCE COMPANY LTD,2011-03-31 00:00:00,8606.35,-8125.04,,481.32
SBI LIFE INSURANCE COMPANY LTD,2012-03-31 00:00:00,6467.87,-4967.68,,1500.19
SBI LIFE INSURANCE COMPANY LTD,2013-03-31 00:00:00,1129.96,-226.75,-58.11,845.1
SBI LIFE INSURANCE COMPANY LTD,2014-03-31 00:00:00,166.44,-708.42,-58.11,-600.09
SBI LIFE INSURANCE COMPANY LTD,2015-03-31 00:00:00,2711.49,-178.24,-117,2416.25
SBI LIFE INSURANCE COMPANY LTD,2016-03-31 00:00:00,5777.94,-7203.73,-143.99,-1569.78
SBI LIFE INSURANCE COMPANY LTD,2017-03-31 00:00:00,8525.12,-9031.77,-144.43,-651.08
SBI LIFE INSURANCE COMPANY LTD,2018-03-31 00:00:00,10394.97,-8909.66,-221.25,1264.05
SBI LIFE INSURANCE COMPANY LTD,2019-03-31 00:00:00,13472.86,-13552.41,-241.06,-320.6
SBI LIFE INSURANCE COMPANY LTD,2020-03-31 00:00:00,19298.59,-16986.38,-198.48,2113.72
TATA STEEL LTD,2011-03-31 00:00:00,5655.39,-7583.94,5973.09,4044.54
TATA STEEL LTD,2012-03-31 00:00:00,12018.47,-3705.43,-8461.67,-148.63
TATA STEEL LTD,2013-03-31 00:00:00,14035.29,-13098.89,-1780.41,-844.01
TATA STEEL LTD,2014-03-31 00:00:00,13145.89,-15378.25,1014.56,-1217.8
TATA STEEL LTD,2015-03-31 00:00:00,11879.77,-9021.13,-2617.19,241.45
TATA STEEL LTD,2016-03-31 00:00:00,11455.35,-8794.31,-4729.12,-2068.08
TATA STEEL LTD,2017-03-31 00:00:00,10824.36,-9489.65,-2579.36,-1244.65
TATA STEEL LTD,2018-03-31 00:00:00,8023.39,-11730.31,6639.94,2933.02
TATA STEEL LTD,2019-03-31 00:00:00,25335.95,-29176.45,-672.7,-4513.2
TATA STEEL LTD,2020-03-31 00:00:00,20168.72,-14012.06,-1694.62,4462.04
STATE BANK OF INDIA,2011-03-31 00:00:00,43900.13,-1678.11,1251.56,43473.58
STATE BANK OF INDIA,2012-03-31 00:00:00,-30114.14,168.67,2208.85,-27736.62
STATE BANK OF INDIA,2013-03-31 00:00:00,24331.79,-2271.35,-4423.54,17636.9
STATE BANK OF INDIA,2014-03-31 00:00:00,19141.68,-791.12,3583.06,21933.62
STATE BANK OF INDIA,2015-03-31 00:00:00,26297.37,-3424.4,-1553.27,21319.7
STATE BANK OF INDIA,2016-03-31 00:00:00,14476.68,-2746.71,4348.45,16078.42
STATE BANK OF INDIA,2017-03-31 00:00:00,77406,-4571.83,-4196.48,68637.69
STATE BANK OF INDIA,2018-03-31 00:00:00,-96507.91,13052.7,5547.16,-77908.05
STATE BANK OF INDIA,2019-03-31 00:00:00,29556.01,219.51,447.64,30223.16
STATE BANK OF INDIA,2020-03-31 00:00:00,23928.53,-555.05,5429.52,28803
SUN PHARMACEUTICALS INDUSTRIES LTD,2011-03-31 00:00:00,2281.13,-1300.32,-804.19,176.62
SUN PHARMACEUTICALS INDUSTRIES LTD,2012-03-31 00:00:00,2234.46,-747.89,-544.39,942.18
SUN PHARMACEUTICALS INDUSTRIES LTD,2013-03-31 00:00:00,3356.58,-2375.15,-664.99,316.44
SUN PHARMACEUTICALS INDUSTRIES LTD,2014-03-31 00:00:00,3959.2,-2176.18,506.57,2289.59
SUN PHARMACEUTICALS INDUSTRIES LTD,2015-03-31 00:00:00,5615.74,-1502.35,-1186.53,2926.86
SUN PHARMACEUTICALS INDUSTRIES LTD,2016-03-31 00:00:00,6685.86,-3949.13,-1888.53,848.2
SUN PHARMACEUTICALS INDUSTRIES LTD,2017-03-31 00:00:00,7082.21,-4186.15,-2285.39,610.67
SUN PHARMACEUTICALS INDUSTRIES LTD,2018-03-31 00:00:00,3907.15,-3103.8,-1539.26,-735.91
SUN PHARMACEUTICALS INDUSTRIES LTD,2019-03-31 00:00:00,2196.45,-310.08,-2730.52,-844.15
SUN PHARMACEUTICALS INDUSTRIES LTD,2020-03-31 00:00:00,6554.77,-2225.32,-5715.14,-1385.69
SHREE CEMENT LTD,,,,,
SHREE CEMENT LTD,,,,,
SHREE CEMENT LTD,2013-06-30 00:00:00,1259.69,-269.64,-981.7,8.35
SHREE CEMENT LTD,2014-06-30 00:00:00,1400.68,-1233.94,-155.76,10.98
SHREE CEMENT LTD,2015-06-30 00:00:00,1238.51,-990.07,-258.55,-10.11
SHREE CEMENT LTD,2016-03-31 00:00:00,1566.12,-1264.56,-270.76,30.8
SHREE CEMENT LTD,2017-03-31 00:00:00,2201.61,-2047.77,-166.91,-13.07
SHREE CEMENT LTD,2018-03-31 00:00:00,1878.72,-3594.73,1726.22,10.21
SHREE CEMENT LTD,2019-03-31 00:00:00,2080.02,-719.83,-1275.99,84.2
SHREE CEMENT LTD,2020-03-31 00:00:00,3973.18,-5590.27,1581.06,-36.03
RELIANCE INDUSTRIES LTD,2011-03-31 00:00:00,33338,-32040,14950,16248
RELIANCE INDUSTRIES LTD,2012-03-31 00:00:00,24483,-6301,-7590,10592
RELIANCE INDUSTRIES LTD,2013-03-31 00:00:00,36918,-27601,408,9725
RELIANCE INDUSTRIES LTD,2014-03-31 00:00:00,43261,-73070,13713,-16096
RELIANCE INDUSTRIES LTD,2015-03-31 00:00:00,34374,-64706,8444,-21888
RELIANCE INDUSTRIES LTD,2016-03-31 00:00:00,38134,-36186,-3210,-1262
RELIANCE INDUSTRIES LTD,2017-03-31 00:00:00,49550,-66201,8617,-8034
RELIANCE INDUSTRIES LTD,2018-03-31 00:00:00,71459,-68192,-2001,1266
RELIANCE INDUSTRIES LTD,2019-03-31 00:00:00,42346,-94507,55906,3745
RELIANCE INDUSTRIES LTD,2020-03-31 00:00:00,98074,-75694,-2541,19839
POWER GRID CORPORATION OF INDIA LTD,2011-03-31 00:00:00,4895.42,-13344.39,7948.06,-500.91
POWER GRID CORPORATION OF INDIA LTD,2012-03-31 00:00:00,8581.99,-18494.82,8218.3,-1694.53
POWER GRID CORPORATION OF INDIA LTD,2013-03-31 00:00:00,11689.68,-22084.01,9961.88,-432.45
POWER GRID CORPORATION OF INDIA LTD,2014-03-31 00:00:00,15222.52,-26639.12,13712.08,2295.48
POWER GRID CORPORATION OF INDIA LTD,2015-03-31 00:00:00,15800.08,-24184.66,6398.76,-1985.82
POWER GRID CORPORATION OF INDIA LTD,2016-03-31 00:00:00,15008.08,-21576.5,5620.82,-947.6
POWER GRID CORPORATION OF INDIA LTD,2017-03-31 00:00:00,21575.27,-23835.97,3958.56,1697.86
POWER GRID CORPORATION OF INDIA LTD,2018-03-31 00:00:00,22710.12,-25701.45,1284.68,-1706.65
POWER GRID CORPORATION OF INDIA LTD,2019-03-31 00:00:00,23271.16,-18727.45,-2430.78,2112.93
POWER GRID CORPORATION OF INDIA LTD,2020-03-31 00:00:00,31040.48,-11042.25,-18805.84,1192.39
OIL & NATURAL GAS CORPN LTD,2011-03-31 00:00:00,49084.62,-32119.72,-11669.65,5295.25
OIL & NATURAL GAS CORPN LTD,2012-03-31 00:00:00,46129.42,-38374.84,101.55,7856.13
OIL & NATURAL GAS CORPN LTD,2013-03-31 00:00:00,39874.18,-41219.86,-6927.03,-8272.71
OIL & NATURAL GAS CORPN LTD,2014-03-31 00:00:00,53270.38,-63632.56,15224.62,4862.44
OIL & NATURAL GAS CORPN LTD,2015-03-31 00:00:00,33950.42,-30058.33,-10640.78,-6748.68
OIL & NATURAL GAS CORPN LTD,2016-03-31 00:00:00,46292.49,-38255.87,-8972,-935.38
OIL & NATURAL GAS CORPN LTD,2017-03-31 00:00:00,45780.48,-43814.55,-1867.05,98.87
OIL & NATURAL GAS CORPN LTD,2018-03-31 00:00:00,56792.1,-66798.14,9909.36,-96.69
OIL & NATURAL GAS CORPN LTD,2019-03-31 00:00:00,61457.6,-37131.63,-23324.5,1001.47
OIL & NATURAL GAS CORPN LTD,2020-03-31 00:00:00,71634.38,-53159.05,-17767.76,707.57
NTPC LTD,2011-03-31 00:00:00,12067.5,-9371.69,-888.99,1806.82
NTPC LTD,2012-03-31 00:00:00,11396.96,-9582.93,-1582.81,231.22
NTPC LTD,2013-03-31 00:00:00,16507.79,-16845.17,988.11,650.73
NTPC LTD,2014-03-31 00:00:00,16530.84,-15509.23,-2709.06,-1687.45
NTPC LTD,2015-03-31 00:00:00,14888.53,-15977.16,-1474.5,-2563.13
NTPC LTD,2016-03-31 00:00:00,24124.87,-19161.54,-3899.34,1063.99
NTPC LTD,2017-03-31 00:00:00,20166.56,-24480.13,3137.96,-1175.61
NTPC LTD,2018-03-31 00:00:00,19669.61,-20678.11,1027.78,19.28
NTPC LTD,2019-03-31 00:00:00,18685.65,-24063.28,4926.75,-450.88
NTPC LTD,2020-03-31 00:00:00,24583.22,-30321.7,6004.26,265.78
NESTLE INDIA LTD,2011-12-31 00:00:00,1158.17,-1528.47,323.19,-47.11
NESTLE INDIA LTD,2012-12-31 00:00:00,1693.38,-940.83,-513.16,239.39
NESTLE INDIA LTD,2013-12-31 00:00:00,1796.4,-440.94,-580.12,775.34
NESTLE INDIA LTD,2014-12-31 00:00:00,1644.02,-431.7,-1635.28,-422.96
NESTLE INDIA LTD,2015-12-31 00:00:00,1098.1,-70.48,-498.32,529.3
NESTLE INDIA LTD,2016-12-31 00:00:00,1465.91,-125.9,-665.61,674.4
NESTLE INDIA LTD,2017-12-31 00:00:00,1817.79,-130.56,-996.62,690.61
NESTLE INDIA LTD,2018-12-31 00:00:00,2052.45,-52.41,-1317.42,682.62
NESTLE INDIA LTD,2019-12-31 00:00:00,2233.67,82.99,-3539.95,-1223.29
NESTLE INDIA LTD,2020-12-31 00:00:00,2454.48,-321.46,-1955.89,177.13
MARUTI SUZUKI INDIA LTD,2011-03-31 00:00:00,3070.7,-10,-691.4,2369.3
MARUTI SUZUKI INDIA LTD,2012-03-31 00:00:00,2655.2,-3180.8,610,84.4
MARUTI SUZUKI INDIA LTD,2013-03-31 00:00:00,4058.9,-3118.9,-978.6,-38.6
MARUTI SUZUKI INDIA LTD,2014-03-31 00:00:00,4994.6,-4996.9,-73.9,-76.2
MARUTI SUZUKI INDIA LTD,2015-03-31 00:00:00,6449.2,-4491.1,-2003.5,-45.4
MARUTI SUZUKI INDIA LTD,2016-03-31 00:00:00,8482.5,-7230.4,-1236.6,15.5
MARUTI SUZUKI INDIA LTD,2017-03-31 00:00:00,10282,-9173.2,-1129.3,-20.5
MARUTI SUZUKI INDIA LTD,2018-03-31 00:00:00,11787.9,-8301.7,-3436.1,50.1
MARUTI SUZUKI INDIA LTD,2019-03-31 00:00:00,6600.9,-3539.9,-2947.9,113.1
MARUTI SUZUKI INDIA LTD,2020-03-31 00:00:00,3495.8,-556.6,-3104.3,-165.1
JSW STEEL LTD,2011-03-31 00:00:00,2830.23,-7633.14,5096.07,293.16
JSW STEEL LTD,2012-03-31 00:00:00,3512.4,-4100.56,697.77,109.61
JSW STEEL LTD,2013-03-31 00:00:00,5844.21,-5433.44,-790.89,-380.12
JSW STEEL LTD,2014-03-31 00:00:00,2593.52,-5617.77,3300.46,276.21
JSW STEEL LTD,2015-03-31 00:00:00,7875.65,-7372.25,-169.08,334.32
JSW STEEL LTD,2016-03-31 00:00:00,6897.32,-3857.37,-3150.66,-110.71
JSW STEEL LTD,2017-03-31 00:00:00,7888,-5094,-2710,84
JSW STEEL LTD,2018-03-31 00:00:00,12379,-4529,-8185,-335
JSW STEEL LTD,2019-03-31 00:00:00,14633,-11387,1753,4999
JSW STEEL LTD,2020-03-31 00:00:00,12785,-19589,5189,-1615
LARSEN & TOUBRO LTD,2011-03-31 00:00:00,-1615.61,-5928.72,7868.18,323.85
LARSEN & TOUBRO LTD,2012-03-31 00:00:00,-6226.77,-5864.18,11967.65,-123.3
LARSEN & TOUBRO LTD,2013-03-31 00:00:00,-4354.76,-6922.35,11429.36,152.25
LARSEN & TOUBRO LTD,2014-03-31 00:00:00,-7142.77,-5509.87,13135.63,482.99
LARSEN & TOUBRO LTD,2015-03-31 00:00:00,-1365.38,-4778.15,7902.86,1759.33
LARSEN & TOUBRO LTD,2016-03-31 00:00:00,-3239.59,-4626.56,7252.7,-613.45
LARSEN & TOUBRO LTD,2017-03-31 00:00:00,6655.26,-9795.94,2895.93,-244.75
LARSEN & TOUBRO LTD,2018-03-31 00:00:00,-10031.02,3914.5,9370.46,3253.94
LARSEN & TOUBRO LTD,2019-03-31 00:00:00,-4755.83,-11022.8,15440.17,-338.46
LARSEN & TOUBRO LTD,2020-03-31 00:00:00,6693.88,-8407.71,6371.55,4657.72
MAHINDRA & MAHINDRA LTD,2011-03-31 00:00:00,-577.01,-1388.22,1437.05,-528.18
MAHINDRA & MAHINDRA LTD,2012-03-31 00:00:00,61.31,-2968.07,4255.61,1348.85
MAHINDRA & MAHINDRA LTD,2013-03-31 00:00:00,-921.67,-2902.66,4508.29,683.96
MAHINDRA & MAHINDRA LTD,2014-03-31 00:00:00,-243.74,-4523.6,5577.38,810.04
MAHINDRA & MAHINDRA LTD,2015-03-31 00:00:00,1054.86,-4357.45,1669.38,-1633.21
MAHINDRA & MAHINDRA LTD,2016-03-31 00:00:00,2384.76,-5505.97,2966.81,-154.4
MAHINDRA & MAHINDRA LTD,2017-03-31 00:00:00,183.09,-5875.29,6107.97,415.77
MAHINDRA & MAHINDRA LTD,2018-03-31 00:00:00,681.86,-5467.22,6314.5,1529.14
MAHINDRA & MAHINDRA LTD,2019-03-31 00:00:00,-4347.29,-7173.97,13193.63,1672.37
MAHINDRA & MAHINDRA LTD,2020-03-31 00:00:00,-1450.93,-6875.79,6932.75,-1393.97
KOTAK MAHINDRA BANK LTD,2011-03-31 00:00:00,-1738.59,-188.92,2414.95,487.44
KOTAK MAHINDRA BANK LTD,2012-03-31 00:00:00,-1191.5,-5456.27,7229.35,581.58
KOTAK MAHINDRA BANK LTD,2013-03-31 00:00:00,2878.45,-9035.39,7099.36,942.42
KOTAK MAHINDRA BANK LTD,2014-03-31 00:00:00,9068.04,-1129.57,-5813.61,2124.86
KOTAK MAHINDRA BANK LTD,2015-03-31 00:00:00,2301.72,-4467.08,2425.69,260.33
KOTAK MAHINDRA BANK LTD,2016-03-31 00:00:00,5024.58,-2353.03,2024.41,4695.97
KOTAK MAHINDRA BANK LTD,2017-03-31 00:00:00,13222.5,-5288.62,6055.26,13989.14
KOTAK MAHINDRA BANK LTD,2018-03-31 00:00:00,-10392.41,-5474.91,14679.4,-1187.92
KOTAK MAHINDRA BANK LTD,2019-03-31 00:00:00,1822.38,-3323.15,8364.59,6863.83
KOTAK MAHINDRA BANK LTD,2020-03-31 00:00:00,46618.83,-13068.45,-735,32815.39
ITC LTD,2011-03-31 00:00:00,5508.74,-871.34,-3579.74,1057.66
ITC LTD,2012-03-31 00:00:00,6255.66,-2693.8,-3304.65,257.21
ITC LTD,2013-03-31 00:00:00,7101.83,-3881.35,-3310.01,-89.53
ITC LTD,2014-03-31 00:00:00,7343.58,-3254.08,-4121.54,-32.04
ITC LTD,2015-03-31 00:00:00,9843.2,-5275.43,-4661.03,-93.26
ITC LTD,2016-03-31 00:00:00,9799.04,-3920.73,-5612.52,265.79
ITC LTD,2017-03-31 00:00:00,10627.31,-3250.93,-7301.03,75.35
ITC LTD,2018-03-31 00:00:00,13169.4,-7113.89,-6221.13,-165.62
ITC LTD,2019-03-31 00:00:00,12583.41,-5545.68,-6868.64,169.09
ITC LTD,2020-03-31 00:00:00,14689.66,-6174.02,-8181.48,334.16
INFOSYS LTD,2011-03-31 00:00:00,4752,3443,-3640,4555
INFOSYS LTD,2012-03-31 00:00:00,6394,-147,-2322,3925
INFOSYS LTD,2013-03-31 00:00:00,7373,-2922,-3210,1241
INFOSYS LTD,2014-03-31 00:00:00,9825,-2563,-3144,4118
INFOSYS LTD,2015-03-31 00:00:00,8353,999,-4935,4417
INFOSYS LTD,2016-03-31 00:00:00,10028,-885,-6813,2330
INFOSYS LTD,2017-03-31 00:00:00,11531,-14664,-6939,-10072
INFOSYS LTD,2018-03-31 00:00:00,13218,4533,-20505,-2754
INFOSYS LTD,2019-03-31 00:00:00,14841,-632,-14512,-303
INFOSYS LTD,2020-03-31 00:00:00,17003,-331,-17591,-919
INDIAN OIL CORPORATION LTD,2011-03-31 00:00:00,6818.87,-8090.44,1210.98,-60.59
INDIAN OIL CORPORATION LTD,2012-03-31 00:00:00,-762.81,-13056.45,13103.38,-715.88
INDIAN OIL CORPORATION LTD,2013-03-31 00:00:00,9339.5,-9293.58,351.93,397.85
INDIAN OIL CORPORATION LTD,2014-03-31 00:00:00,24194.93,-18594.43,-3115.78,2484.72
INDIAN OIL CORPORATION LTD,2015-03-31 00:00:00,46092.12,-10215.23,-38282.66,-2405.77
INDIAN OIL CORPORATION LTD,2016-03-31 00:00:00,25624.23,-13610.44,-11889.71,124.08
INDIAN OIL CORPORATION LTD,2017-03-31 00:00:00,28216.12,-17684.41,-10937.06,-405.35
INDIAN OIL CORPORATION LTD,2018-03-31 00:00:00,29115.29,-17118.7,-12007.36,-10.77
INDIAN OIL CORPORATION LTD,2019-03-31 00:00:00,12746.52,-22568.61,10436.45,614.36
INDIAN OIL CORPORATION LTD,2020-03-31 00:00:00,8653.26,-29096.97,20945.23,501.52
